Бренд и Юрлицо (!),Веб-сайт,ИНН,МOEX,Регион,"Устойчивое развитие, Социальная отчетность, ESG",Экология,"Забота о потребителях, защита прав потребителей ","Забота о работниках, социальные программы","Поставщикам, Закупки","Корпоративное управление, совет директоров, высший менеджмент","Миссия, ценности",Этический кодекс,Антикоррупция,Раскрытие информации,,Количесво ссылок
Адмиралтейские верфи,http://admship.ru/,7839395419,,СЗФО,нет,нет,нет,http://admship.ru/job/,http://admship.ru/purchase/,нет,http://admship.ru/about/corruption/,нет,http://admship.ru/about/corruption/,http://admship.ru/about/disclosure/,,5
Алмаз-Антей,http://www.almaz-antey.ru/,7731084175,,СЗФО,нет,нет,нет,http://www.almaz-antey.ru/kadrovaya-i-sotsialnaya-politika/,http://www.almaz-antey.ru/zakupochnaya-deyatelnost/,http://www.almaz-antey.ru/istoriya/,http://www.almaz-antey.ru/strategiya/,http://www.almaz-antey.ru/upload/corruption/%D0%9F%D1%80%D0%B0%D0%B2%D0%B8%D0%BB%D0%B0_%D0%B8_%D0%B5%D0%B4%D0%B8%D0%BD%D1%8B%D0%B5_%D0%BF%D1%80%D0%B8%D0%BD%D1%86%D0%B8%D0%BF%D1%8B_%D0%BA%D0%BE%D1%80%D0%BF%D0%BE%D1%80%D0%B0%D1%82%D0%B8%D0%B2%D0%BD%D0%BE%D0%B3%D0%BE_%D0%BF%D0%BE%D0%B2%D0%B5%D0%B4%D0%B5%D0%BD%D0%B8%D1%8F.pdf,http://www.almaz-antey.ru/anti-corruption/,нет,,7
Армалит,https://armalit.ru/,7805148130,,СЗФО,нет,нет,нет,https://armalit.ru/about/training-center/,нет,https://armalit.ru/about/management/,нет,нет,нет,https://armalit.ru/information-disclosure/,,3
Аттика ,https://attikarus.ru/ ,7806521932,,СЗФО,нет,нет,нет,нет,https://attikarus.ru/about/suppliers/,https://attikarus.ru/about/team/,https://attikarus.ru/about/history/,нет,https://attikarus.ru/anti-corruption-policy/,нет,,5
Балтийский завод,https://www.bz.ru/,7830001910,,СЗФО,нет,нет,нет,https://www.bz.ru/career/social-policy/,https://www.bz.ru/partners/purchases/,https://www.bz.ru/about/ceo/,нет,нет,https://www.bz.ru/protivodeystvie-korruptsii/,https://www.bz.ru/partners/disclosure-of-information/,,5
Бронка Групп,https://www.bronkagroup.ru/,7826136939,,СЗФО,нет,https://www.bronkagroup.ru/about/sotsialnaya-otvetsvennost/,нет,https://www.bronkagroup.ru/career/,нет,https://www.bronkagroup.ru/about/bod/,https://www.bronkagroup.ru/about/about-us/,нет,нет,нет,,5
Всеволожский крановый завод,https://werker.ru/,4703097593,,СЗФО,нет,нет,нет,https://werker.ru/about/vacancy/,нет,нет,https://werker.ru/about/,нет,нет,нет,,3
Гидроприбор,https://www.gidropribor.ru/,7802375889,,СЗФО,нет,нет,нет,https://www.gidropribor.ru/personal/korporativnaya-kultura/,https://www.gidropribor.ru/kontragents/zakupki/gidropribor-zakupki/,нет,нет,нет,https://www.gidropribor.ru/kontragents/antikorrupcionnaya-politika/,https://www.gidropribor.ru/kontragents/akcioneram/ao-kontsern-mpo-gidropribor/,,4
Гранит-Электрон,https://www.granit-electron.ru/,7842335610,,СЗФО,нет,нет,нет,https://www.granit-electron.ru/staff/corporate-employment-benefits/,https://www.granit-electron.ru/concern/general-questions/purchase/,нет,нет,нет,https://www.granit-electron.ru/concern/general-questions/documents/,нет,,4
Завод «Измерон»,https://www.izmeron.ru/,7825492691,,СЗФО,нет,нет,нет,нет,нет,https://www.izmeron.ru/company/supervisor/,нет,нет,нет,нет,,2
Императорский Фарфоровый завод,https://www.ipm.ru/,7811000276,,СЗФО,нет,нет,нет,нет,нет,нет,нет,нет,нет,https://www.ipm.ru/company/dokumenty/,,1
Кировский завод,https://kzgroup.ru/,7805019279,,СЗФО,нет,https://kzgroup.ru/companiya/,нет,https://kzgroup.ru/korporativnyy-universitet/,нет,нет,https://kzgroup.ru/,нет,нет,https://kzgroup.ru/aktsioneram-i-investoram/,,4
Корпорация морского приборостроения,https://aokmp.ru/,7813649764,,СЗФО,нет,нет,нет,нет,нет,нет,https://aokmp.ru/,нет,https://aokmp.ru/anticorruption/,нет,,3
Метеор лифт (бывший Отис),https://meteor.ru/,7805223443,,СЗФО,нет,нет,нет,https://meteor.ru/company/career/,нет,нет,https://meteor.ru/company/,нет,нет,нет,,3
Ситроникс,https://www.sitronics.com/,7735116621,,СЗФО,нет,нет,нет,https://www.sitronics.com/career,https://www.sitronics.com/procurement,нет,https://www.sitronics.com/company,https://www.sitronics.com/wp-content/uploads/2022/02/kodeks-delovogo-povedeniya-i-etiki.pdf,https://www.sitronics.com/wp-content/uploads/2022/02/antikorrupczionnaya-politika.pdf,нет,,6
Транспак,https://t-pack.ru/,7814645226,,СЗФО,нет,https://t-pack.ru/social/,нет,https://t-pack.ru/team/,нет,нет,https://t-pack.ru/about/,нет,нет,нет,,4
"Центр судоремонта ""Звёздочка""",https://www.star.ru/,2902060361,,СЗФО,нет,нет,нет,https://www.star.ru/Socialnoe-partnerstvo,https://www.star.ru/Tenderi/Zakupki,https://www.star.ru/Investoram/Vnutrennie-dokumenti-Obshestva,нет,нет,https://www.star.ru/O-kompanii/Protivodeystvie-korrupcii,https://www.star.ru/Raskritie-informacii,,5
Электроприбор,http://www.elektropribor.spb.ru/,7813438763,,СЗФО,нет,нет,нет,http://www.elektropribor.spb.ru/kadrovaya-politika/,http://www.elektropribor.spb.ru/o-predpriyatii/zakupki/,http://www.elektropribor.spb.ru/o-predpriyatii/generalnyy-direktor/ ,нет,http://www.elektropribor.spb.ru/upload/medialibrary/e95/doc2.pdf,http://www.elektropribor.spb.ru/o-predpriyatii/ofitsialnaya-informatsiya/antikorruptsionnaya-politika/,http://www.elektropribor.spb.ru/o-predpriyatii/ofitsialnaya-informatsiya/,,6
«Группа ПОЛИПЛАСТИК»,https://www.polyplastic.ru,5021013384,,RAEX,нет,https://www.polyplastic.ru/company/eco,нет,нет,нет,нет,нет,нет,https://www.polyplastic.ru/upload/company/anticorrupt/antikorrupcionnaya-politika-ooo-grpp.pdf,https://www.polyplastic.ru/documents,,3
«Упаковочные системы»,https://www.packaging-systems.ru,7706017070,,RAEX,https://www.packaging-systems.ru/sustainable/,https://www.packaging-systems.ru/sustainable/,нет,нет,нет,нет,https://www.packaging-systems.ru/#missions,нет,нет,нет,,4
ЭкопрофХим,https://ecoprofchem.ru/,7810718748,,СЗФО,нет,нет,нет,нет,нет,нет,https://ecoprofchem.ru/about/,нет,нет,нет,,2
«ФосАгро»,https://www.phosagro.ru,7736216869,*,RAEX, https://www.phosagro.ru/sustainability/,https://www.phosagro.ru/sustainability/ecology/,https://www.phosagro.ru/production/attention/,https://www.phosagro.ru/sustainability/social-response/,https://www.phosagro.ru/procurement/,https://www.phosagro.ru/about/management/,https://www.phosagro.ru/sustainability/,https://ar2022.phosagro.ru/pdf/ar/ru/corporate-governance_ethical-practices.pdf,нет,https://www.phosagro.ru/ori/phosagro/company_charter/,,9
«Уралкалий»,https://www.uralkali.com/ru/,5911029807,,RAEX, https://www.uralkali.com/ru/sustainability/,https://www.uralkali.com/ru/sustainability/environment/,https://www.uralkali.com/ru/buyers/quality/,https://www.uralkali.com/ru/sustainability/our_people/,https://www.uralkali.com/ru/tenders/obrashchenie-k-postavshikam/,https://www.uralkali.com/ru/about/corporate_governance/,https://www.uralkali.com/ru/about/mission/,https://www.uralkali.com/ru/sustainability/ethics/,https://www.uralkali.com/ru/sustainability/ethics/,https://www.uralkali.com/ru/investors/reporting_and_disclosure/,,10
"«Уралхим», ОХК",https://www.uralchem.ru,7703647595,,RAEX,https://www.uralchem.ru/esg/,https://www.uralchem.ru/esg/ekologicheskiy-aspekt-e/,https://www.uralchem.ru/products/vnimaniyu-pokupateley/,https://www.uralchem.ru/esg/sotsialnyy-aspekt-s/,https://www.uralchem.ru/purchase/kak-stat-postavshchikom/,https://www.uralchem.ru/corporate_management/,https://www.uralchem.ru/about/mission/,нет,https://www.uralchem.ru/corporate_management/antikorruptsionnye-programmy/polozhenie-ob-antikorruptsionnoy-politike-ao-okhk-uralkhim/,https://www.uralchem.ru/esg/esg-dokumenty/,,9
"«Акрон», группа",https://www.acron.ru,5321093528,,RAEX,https://www.acron.ru/sustainability/,https://www.acron.ru/sustainability/environment/,https://www.acron.ru/products-and-services/product-quality/,https://www.acron.ru/sustainability/environment/,https://www.acron.ru/about-acron-group/etp/,https://www.acron.ru/about-acron-group/the-board-of-directors/,нет,нет,нет,https://www.acron.ru/investors/disclosure/acron-disclosure/,,7
МХК «ЕвроХим»,https://www.eurochem.ru,7721230290,,RAEX,https://www.eurochem.ru/sustainability/,https://www.eurochem.ru/sustainability/communities/,нет,https://www.eurochem.ru/sustainability/communities/,нет,https://www.eurochem.ru/corporate-governance/,нет,нет,нет,https://mcc.eurochem.ru/ru/,,5
«Тольяттиазот»,https://www.toaz.ru,6320004728,,RAEX, sustainability-report-toaz.pdf,https://www.toaz.ru/social-responsibility/environment,https://www.toaz.ru/product/liniya-doveriya,https://www.toaz.ru/social-responsibility/charity-and-support-of-the-region/,https://www.toaz.ru/zakupki/informacziya-dlya-postavshhikov,https://www.toaz.ru/korporativnoe-upravlenie,нет,нет,нет,https://www.toaz.ru/to-investors/disclosure,,6
«Фирма «Август»,https://avgust.com,5046001101,,RAEX,https://avgust.com/services/newspaper/nasha_zadacha_ustoychivoe_razvitie,https://avgust.com/images/politika.jpg,нет,https://avgust.com/company/social-responsibility/,нет,нет,https://avgust.com/company/strategy/business/,нет,нет,https://avgust.com/share/raskrytie-informatsii-aktsioneram-lna/,,5
«Щёкиноазот»,http://n-azot.ru,7118004789,,RAEX,http://n-azot.ru/responsibility.php,https://n-azot.ru/responsibility.php?pos=20,нет,https://n-azot.ru/responsibility.php?pos=28,https://n-azot.ru/tender.php,нет,нет,https://n-azot.ru/info.php?lang=RU&group=386,нет,https://n-azot.ru/info.php,,6
Группа компаний Азот,https://kao-azot.com,7838365595,,RAEX,https://kao-azot.com/index.html,нет,нет,https://kao-azot.com/okhrana-truda.html,,https://kao-azot.com/o-kompanii.html,https://kao-azot.com/index.html,нет,нет,нет,,5
Пигмент (КРАТА),https://krata.ru,6829000074,,RAEX,https://krata.ru/evolution/,https://krata.ru/evolution/ecology/,нет,https://krata.ru/evolution/social-infrastructure/,https://krata.ru/cooperation/ust-zakupki/,https://krata.ru/about/leadership/,https://krata.ru/about/mission/,https://krata.ru/evolution/politics/,https://krata.ru/about/ethics/,https://krata.ru/evolution/,,9
"""Каустик"" (г. Волгоград)",https://www.kaustik.ru/ru/,3448003962,,RAEX,sustainability-report-kaustik.pdf,https://www.kaustik.ru/ru/index.php/o-kompanii/ekologicheskaya-otvetstvennost,https://www.kaustik.ru/ru/index.php/partneram/obrashchaem-vnimanie-na-moshennicheskie-skhemy,https://www.kaustik.ru/ru/index.php/o-kompanii/sotsialnaya-otvetstvennost,https://www.kaustik.ru/ru/index.php/partneram/zakupki,нет,нет,https://www.kaustik.ru/ru/index.php/o-kompanii/korporativnaya-politika,нет,https://www.kaustik.ru/ru/index.php/o-kompanii/raskrytie-informatsii,,6
«Метафракс кемикалс»,https://metafrax.ru,5913001268,,RAEX,https://metafrax.ru/responsibility,https://metafrax.ru/responsibility/protecting-the-environment,https://metafrax.ru/responsibility/cultural-activities,https://metafrax.ru/responsibility/sponsorship-charity,https://metafrax.ru/tenders,https://metafrax.ru/management#text,https://metafrax.ru/mission,нет,https://metafrax.ru/responsibility/anti-corruption-programs,https://metafrax.ru/disclosure#text,,9
«Башкирская содовая компания»,https://www.soda.ru/ru/,268008010,,RAEX,https://www.soda.ru/ru/pages/detail/social_responsibility/,https://www.soda.ru/ru/pages/detail/Ecology/,нет,https://www.soda.ru/ru/pages/detail/social_responsibility/,https://www.soda.ru/ru/pages/detail/Procurement/,нет,нет,нет,нет,https://www.soda.ru/ru/pages/detail/KSO/,,5
«КуйбышевАзот»,https://www.kuazot.ru,6320005915,,RAEX,https://www.kuazot.ru/news/426-kuybyshevazot-voshel-v-top-3-reytinga-socialnoy-ef/,https://www.kuazot.ru/responsibility/ecology_and_resource_saving/,https://www.kuazot.ru/products/products_in_life/,https://www.kuazot.ru/responsibility/external_social_investment/,https://www.kuazot.ru/purchases/index/,https://www.kuazot.ru/company/control/,https://www.kuazot.ru/company/mission_and_goals/,нет,https://www.kuazot.ru/responsibility/anti_corruption/,https://www.kuazot.ru/invest/company_registrar/,,9
Омск Карбон Групп,https://omskcarbongroup.com/#0,3664132994,,RAEX, https://omskcarbongroup.com/sustainability/,https://omskcarbongroup.com/sustainability/health/,https://omskcarbongroup.com/sustainability/health/,,https://omskcarbongroup.com/tenders/,нет,нет,нет,нет,нет,,5
«КамАЗ»,https://kamaz.ru,1650032058,,RAEX,Strategy KAMAZ 2030_v 2024_ru_public.pdf,https://kamaz.ru/investors-and-shareholders/information-disclosure/green-financing/,нет,https://kamaz.ru/career/sotrudnikam/,https://kamaz.ru/about/supplier/basic_principles/,нет,https://kamaz.ru/about/development/mission/,https://kamaz.ru/about/compliance/,https://kamaz.ru/about/compliance/,https://kamaz.ru/investors-and-shareholders/information-disclosure/,,7
«Трансмашхолдинг»,https://tmholding.ru/,7723199790,,RAEX,https://tmholding.ru/improvement/,https://tmholding.ru/about_us/okhrana-truda/,,https://tmholding.ru/engineering/#life,нет,нет,нет,https://tmholding.ru/about_us/ethics/,нет,нет,,5
«Объединенная судостроительная корпорация»,https://aoosk.ru,7838395215,,RAEX,нет,нет,нет,https://aoosk.ru/personnel-policy/employees/,https://aoosk.ru/purchases/,https://aoosk.ru/about/board-directors/,нет,нет,https://aoosk.ru/about/anti-corruption/,https://aoosk.ru/about/disclosures/,,5
ГАЗ,"
http://www.gaz.ru",5200000046,,RAEX,сайт не работает,сайт не работает,сайт не работает,сайт не работает,сайт не работает,сайт не работает,сайт не работает,сайт не работает,сайт не работает,сайт не работает,,1
«Группа Синара»,https://www.sinara-group.com,6658252583,,RAEX,https://www.sinara-group.com/responsibility/charity/,,нет,https://www.sinara-group.com/career/life/,нет,нет,нет,https://www.sinara-group.com/responsibility/komplaens/,https://www.sinara-group.com/responsibility/komplaens/,нет,,5
Кордиант,https://cordiant.ru,7601001509,,RAEX,https://www.cordiant-tyre.ru/values/,нет,нет,https://cordi-career.tilda.ws/,нет,нет,нет,нет,нет,нет,,3
«Объединенная авиастроительная корпорация»,https://www.uacrussia.ru/ru/,7708619320,,RAEX,нет,нет,нет,https://www.uacrussia.ru/ru/corporation/personnel-policy/training-in-vocational-education/,https://partners.uacrussia.ru/,https://www.uacrussia.ru/ru/corporation/leaders/,нет,нет,https://www.uacrussia.ru/ru/corporation/anticorruption-policy/,https://www.uacrussia.ru/ru/investors/open-information/,,5
Северная верфь,https://nordsy.spb.ru/,7805034277,,СЗФО,нет,https://nordsy.spb.ru/about/qms/ecology/index.php,нет,https://nordsy.spb.ru/job/guarantees/,https://nordsy.spb.ru/bidding-and-procurement/trades/,https://nordsy.spb.ru/about/control/,нет,нет,https://nordsy.spb.ru/about/reaction/,https://nordsy.spb.ru/toshareholders/shareholders/,,6
Силовые машины,https://power-m.ru/,7702080289,,СЗФО,нет,https://power-m.ru/company/social-responsibility/environmental-protection/,https://power-m.ru/customers/customer-account/,https://power-m.ru/company/social-responsibility/,https://power-m.ru/suppliers/,нет,https://power-m.ru/company/values/,https://power-m.ru/company/compliance-with-codes-and-regulations/Standarti%20povedenia.pdf,https://power-m.ru/company/anti-corruption-policies/ppk_.pdf,нет,,8
Онежский судостроительный завод,https://onegoshipyard.ru/,1001340266,,СЗФО,нет,нет,нет,https://onegoshipyard.ru/karera/sotsialnaya-politika/,https://onegoshipyard.ru/zakupki/polozhenie-o-zakupkah/,https://onegoshipyard.ru/about/rukovodstvo/,https://onegoshipyard.ru/about/,нет,https://onegoshipyard.ru/about/protivodeystvie-korruptsii/,нет,,6
Петербургский тракторный завод,https://kirovets-ptz.com/,7805059867,,СЗФО,нет,нет,нет,https://kirovets-ptz.com/company/kadrovaya-politika/,https://kirovets-ptz.com/company/zakupki/,нет,нет,нет,https://kirovets-ptz.com/upload/medialibrary/734/cn2omv7pehmidd7gs33vgjz508fi8upu/%D0%9F%D0%BE%D0%BB%D0%B8%D1%82%D0%B8%D0%BA%D0%B0%20%D0%B2%20%D0%BE%D0%B1%D0%BB%D0%B0%D1%81%D1%82%D0%B8%20%D0%BF%D1%80%D0%BE%D1%82%D0%B8%D0%B2%D0%BE%D0%B4%D0%B5%D0%B9%D1%81%D1%82%D0%B2%D0%B8%D1%8F%20%D0%BA%D0%BE%D1%80%D0%BF%D0%BE%D1%80%D0%B0%D1%82%D0%B8%D0%B2%D0%BD%D0%BE%D0%BC%D1%83%20%D0%BC%D0%BE%D1%88%D0%B5%D0%BD%D0%BD%D0%B8%D1%87%D0%B5%D1%81%D1%82%D0%B2%D1%83.pdf,нет,,4
ЕВРАЗ,https://www.evraz.com/ru/,7701225358,,RAEX,https://www.evraz.com/ru/sustainability/,https://www.evraz.com/ru/sustainability/environmental-stewardship/approach-and-policies/,нет,https://www.evraz.com/ru/sustainability/our-people/,https://www.evraz.com/ru/suppliers/,https://www.evraz.com/ru/company/governance/,нет,нет,https://www.evraz.com/ru/sustainability/anti-corruption/,https://www.evraz.com/ru/evraz-disclosure/,,7
«Северсталь»,https://severstal.com/rus/,3528000597,*,RAEX,https://severstal.com/rus/sustainable-development/,https://severstal.com/rus/sustainable-development/environment/,https://severstal.com/rus/clients/customer-service/,нет,https://suppliers.severstal.com/en-old/,https://severstal.com/rus/about/corporative/board-of-directors/,https://severstal.com/rus/about/strategy/,https://severstal.com/rus/sustainable-development/social/compliance/,нет,https://severstal.com/rus/ir/information-disclosure/all/,,8
Магнитогорский металлургический комбинат (ММК),https://mmk.ru/ru/,7414003633,*,RAEX,https://mmk.ru/ru/sustainability/,https://mmk.ru/ru/sustainability/ecology/,нет,https://mmk.ru/ru/career/,https://mmk.ru/ru/for-suppliers/,https://mmk.ru/ru/about/corporate-governance/,https://mmk.ru/ru/about/strategy/,https://mmk.ru/ru/about/corporate-governance/internal-documents/,https://mmk.ru/ru/about/corporate-governance/internal-documents/,нет,,9
НЛМК,https://nlmk.com/ru/,4823006703,*,RAEX,https://nlmk.com/ru/sustainability/,https://nlmk.com/ru/sustainability/environment/,нет,https://career.nlmk.com/,https://nlmk.com/ru/for-suppliers-and-contractors/,https://nlmk.com/ru/about/governance/,нет,нет,https://nlmk.com/ru/sustainability/anticorruption/anti-corruption-compliance/,https://www.e-disclosure.ru/portal/company.aspx?id=2509,,7
«Металлоинвест»,https://www.metalloinvest.com,5018108484,,RAEX,https://www.metalloinvest.com/development/,https://www.metalloinvest.com/development/ecology/,нет,нет,https://www.metalloinvest.com/purchases/,https://www.metalloinvest.com/development/corporate-governance/,нет,https://www.metalloinvest.com/about/compliance/,https://www.metalloinvest.com/about/compliance/,https://www.e-disclosure.ru/portal/company.aspx?id=13358,,7
ТМК (Трубная металлургическая компания),https://www.tmk-group.ru,7710373095,,RAEX,https://www.tmk-group.ru/sustainable-development,https://www.tmk-group.ru/esg-ecology,нет,https://www.tmk-group.ru/careers,https://zakupki.tmk-group.com/#tmk/front/index,https://www.tmk-group.ru/GM_Summary,https://www.tmk-group.ru/Our_mission,https://www.tmk-group.ru/esg-docs,https://www.tmk-group.ru/esg-docs,https://www.tmk-group.ru/Disclosure,,9
ПАО «Селигдар»,https://seligdar.ru,1402047184,*,RAEX,https://seligdar.ru/sustainability/principles-approaches/,https://seligdar.ru/sustainability/environment/,нет,https://seligdar.ru/career/working-with-us/,https://seligdar.ru/suppliers/procurement-principles/,нет,https://seligdar.ru/company/mission-and-strategy/,нет,https://seligdar.ru/investors/disclosure/official-documents/,https://www.e-disclosure.ru/portal/company.aspx?id=12557,,7
«Мечел»,https://www.mechel.ru/#1,7703370008,*,RAEX,https://www.mechel.ru/sustainability/,https://mechel.ru/sustainability/environment/,нет,https://mechel.ru/sustainability/staff/,https://mechel.ru/purchase/,https://mechel.ru/shareholders/corporate_governance/,нет,https://mechel.ru/sustainability/human_rights/,нет,https://www.e-disclosure.ru/portal/company.aspx?id=1942,,7
«Ашинский металлургический завод»,https://www.amet.ru/,7401000473,,RAEX,https://www.amet.ru/social/,https://www.amet.ru/aboutplant/ecology/,нет,https://www.amet.ru/career/,https://www.amet.ru/suppliers/,https://www.amet.ru/aboutplant/management/,нет,https://www.amet.ru/invest/opening/documents/,https://www.amet.ru/invest/opening/documents/?q_sect=&q_name=коррупци&set_filter=,https://www.amet.ru/invest/opening/,,8
Объединенная металлургическая компания (ОМК),https://omk.ru/,7736030085,,RAEX,https://omk.ru/sustainable-development/,https://omk.ru/sustainable-development/climate-strategy/,нет,https://omk-job.ru/,https://omk.ru/procurement/,нет,https://omk.ru/sustainable-development/,нет,нет,нет,,6
«Промышленно-металлургический холдинг» (ПМХ),https://www.metholding.ru,411075740,,RAEX,https://www.metholding.ru/development/,https://metholding.ru/development/conservation/,нет,https://metholding.ru/development/caring-for-people/sotsialnaya-otvetstvennost/,нет,https://www.metholding.ru/development/korporativnoe-upravlenie/,https://www.metholding.ru/company/#mission,нет,https://www.metholding.ru/development/korporativnoe-upravlenie/komplaens/,нет,,7
«Полюс»,https://polyus.com/ru/,7703389295,*,RAEX,https://sustainability.polyus.com/ru/,https://sustainability.polyus.com/ru/environment/,https://sustainability.polyus.com/ru/human_rights_policy/,https://sustainability.polyus.com/ru/our_people/,нет,https://polyus.com/ru/company/corporate_governance/,нет,нет,https://polyus.com/ru/anti-corruption/,нет,,7
«Полиметалл»,https://www.polymetalinternational.com/ru/,7805104870,,RAEX,https://www.polymetalinternational.com/ru/sustainability/,https://www.polymetalinternational.com/ru/sustainability/environment/,нет,https://www.polymetalinternational.com/ru/sustainability/people/,нет,https://www.polymetalinternational.com/ru/about/corporate-governance/,нет,https://www.polymetalinternational.com/ru/investors-and-media/corporate-disclosures/standards-and-policies/#policies,https://www.polymetalinternational.com/ru/investors-and-media/corporate-disclosures/standards-and-policies/#policies,https://www.polymetalinternational.com/ru/investors-and-media/corporate-disclosures/,,7
"«Норильский никель», горно-металлургическая компания",https://www.nornickel.ru,8401005730,*,RAEX,https://www.nornickel.ru/sustainability/,https://www.nornickel.ru/upload/iblock/1cd/Norilsk_Nickel_Environmental_Strategy_2021_ru.pdf,https://www.nornickel.ru/sustainability/social-responsibility/human-rights/,https://www.nornickel.ru/sustainability/social-responsibility/health-and-safety/,https://www.nornickel.ru/suppliers/purchasing-policy/,https://www.nornickel.ru/company/governance/board-of-directors/,https://www.nornickel.ru/company/mission-and-values/,https://www.nornickel.ru/investors/disclosure/corporate-documents/#accordion-corporate-codes-and-policies,https://www.nornickel.ru/investors/disclosure/corporate-documents/#accordion-corporate-codes-and-policies,https://www.nornickel.ru/investors/disclosure/corporate-documents/,,10
Акционерная компания «АЛРОСА»,https://alrosa.ru,1433000147,*,RAEX,https://alrosa.ru/sustainable-development/,https://alrosa.ru/sustainable-development/environmental-protection/#environmental-policy,нет,https://alrosa.potok.io/open/jobs/569104,https://alrosa.ru/buy/,https://alrosa.ru/about/corporate-governance/#objectives-and-structure,https://alrosa.ru/about/our-approach/,https://alrosa.ru/about/documents/,https://alrosa.ru/about/documents/,https://www.e-disclosure.ru/portal/company.aspx?id=199,,9
«Красноярский завод цветных металлов имени В.Н. Гулидова»,https://www.krastsvetmet.ru,2451000818,,RAEX,нет,https://www.krastsvetmet.ru/environmental-protection/,нет,https://career.krastsvetmet.ru/,нет,https://www.krastsvetmet.ru/about-us/management/,нет,https://www.krastsvetmet.ru/about-us/open-info/,https://www.krastsvetmet.ru/about-us/open-info/,https://www.krastsvetmet.ru/about-us/open-info/,,6
«Высочайший» (GV Gold),https://www.gvgold.ru/ru/,3802008553,,RAEX,https://www.gvgold.ru/ru/our-commitment/,https://www.gvgold.ru/ru/our-commitment/,нет,https://www.gvgold.ru/ru/careers/about-work/,https://www.gvgold.ru/ru/suppliers/procurement-policy/,нет,нет,нет,https://www.gvgold.ru/ru/company/anti-corruption/,нет,,6
Nordgold,https://www.nordgold.com/ru/,7713688946,,RAEX,https://www.nordgold.com/ru/sustainability/,https://nordgold.com/ru/sustainability/environment/,нет,https://www.nordgoldjobs.com/,https://nordgold.com/ru/suppliers-information/,https://nordgold.com/ru/about/governance/,https://nordgold.com/ru/about/mission-and-values/,https://nordgold.com/ru/sustainability/reports-and-downloads/?section=43,https://nordgold.com/ru/sustainability/reports-and-downloads/?section=43,нет,,9
Highland Gold Mining,https://russdragmet.ru,2540277272,,RAEX,https://russdragmet.ru/главная/устойчивое-развитие/наши-обязательства/,https://russdragmet.ru/%D0%B3%D0%BB%D0%B0%D0%B2%D0%BD%D0%B0%D1%8F/%D1%83%D1%81%D1%82%D0%BE%D0%B9%D1%87%D0%B8%D0%B2%D0%BE%D0%B5-%D1%80%D0%B0%D0%B7%D0%B2%D0%B8%D1%82%D0%B8%D0%B5/%D0%BE%D1%85%D1%80%D0%B0%D0%BD%D0%B0-%D0%BE%D0%BA%D1%80%D1%83%D0%B6%D0%B0%D1%8E%D1%89%D0%B5%D0%B9-%D1%81%D1%80%D0%B5%D0%B4%D1%8B/,нет,https://russdragmet.ru/%D0%B3%D0%BB%D0%B0%D0%B2%D0%BD%D0%B0%D1%8F/%D1%83%D1%81%D1%82%D0%BE%D0%B9%D1%87%D0%B8%D0%B2%D0%BE%D0%B5-%D1%80%D0%B0%D0%B7%D0%B2%D0%B8%D1%82%D0%B8%D0%B5/%D0%BD%D0%B0%D1%88%D0%B8-%D0%BB%D1%8E%D0%B4%D0%B8/,нет,нет,нет,нет,нет,нет,,4
Прииск Соловьевский,https://solov.ru,2828002272,,RAEX,нет,нет,нет,https://solov.ru/sotsialnaya-zhizn,нет,https://solov.ru/about/rukovodstvo,нет,нет,нет,https://solov.ru/informatsiya-k-raskrytiyu,,3
Южуралзолото Группа Компаний,http://www.ugold.ru/ru/,7424024375,,RAEX,http://www.ugold.ru/ru/press/release/detail.php?ID=269,http://www.ugold.ru/ru/social/ecology/,нет,http://www.ugold.ru/ru/social/industrial_safety/,нет,http://www.ugold.ru/ru/about/heads/,нет,нет,нет,http://www.ugold.ru/ru/services/,,5
Золоторудная Компания ПАВЛИК,https://www.pavlik-gold.ru,4900000681,,RAEX,https://www.pavlik-gold.ru/sustainable/,https://www.pavlik-gold.ru/sustainable/ecology/,нет,https://www.pavlik-gold.ru/sustainable/safety/,https://www.pavlik-gold.ru/suppliers/,нет,нет,нет,нет,нет,,5
"«Русал», объединенная компания",https://www.rusal.ru,3906394938,*,RAEX,https://www.rusal.ru/sustainability/,https://www.rusal.ru/sustainability/environmental-protection/,нет,https://www.rusal.ru/career/,https://www.rusal.ru/suppliers/,https://www.rusal.ru/about/corp-management/#sovet-direktorov,нет,https://www.rusal.ru/compliance/,https://www.rusal.ru/compliance/,https://www.rusal.ru/investors/info/hkse/,,8
En+ Group,https://www.enplusgroup.com/ru/,3906382033,*,RAEX,https://www.enplusgroup.com/ru/sustainability/,https://enplusgroup.com/ru/investors/esg/environment/,нет,https://www.enplusgroup.com/ru/sustainability/people/,нет,https://www.enplusgroup.com/ru/company/corporate-governance/,нет,https://www.enplusgroup.com/ru/investors/corporate-documents/,нет,https://www.enplusgroup.com/ru/investors/regulatory-news/rns/,,6
"«Кузбассразрезуголь», угольная компания",https://www.kru.ru/ru/,4205049090,,RAEX,https://www.kru.ru/ru/activity/production_safety/,сайт не работает,сайт не работает,сайт не работает,сайт не работает,сайт не работает,сайт не работает,сайт не работает,сайт не работает,сайт не работает,,2
Распадская,https://www.raspadskaya.com/ru/,4214002316,,RAEX,https://www.raspadskaya.com/ru/sustainability/approach-and-policy/,https://www.raspadskaya.com/ru/sustainability/environment/,нет,https://www.raspadskaya.com/ru/career/why-raspadskaya/,https://www.raspadskaya.com/ru/suppliers/policy/,https://www.raspadskaya.com/ru/company/governance/principles/,нет,нет,https://www.raspadskaya.com/ru/sustainability/anticorruption/,https://www.raspadskaya.com/ru/investors/disclosure/internal-documents/,,7
СУЭК,https://www.suek.ru,7708129854,,RAEX,https://www.suek.ru/sustainability/,сайт не работает,сайт не работает,сайт не работает,сайт не работает,сайт не работает,сайт не работает,сайт не работает,сайт не работает,сайт не работает,,2
«Стройсервис»,https://stroyservis.com,4234001215,,RAEX,https://stroyservis.com/socialresponsible/priorities,https://stroyservis.com/socialresponsible/ecology,нет,https://stroyservis.com/career/careermain,https://stroyservis.com/tenderstorgs/ads,нет,нет,нет,нет,нет,,5
«Новая горная управляющая компания»,http://www.new-mmc.com,4217055884,,RAEX,http://www.new-mmc.com/kompaniya/strategiya/,нет,нет,http://www.new-mmc.com/lyudi-kompanii/sotsialnyye-programmy/,нет,нет,нет,нет,http://www.new-mmc.com/kompaniya/protivodeystvie-korruptsii/,нет,,4
"«Сибантрацит», группа",https://elsi-group.ru,5406192366,,RAEX,https://elsi-group.ru/care,https://elga.ru/care/environmental,нет,https://elga.ru/life,нет,https://elga.ru/company/directors,нет,нет,нет,нет,,5
«Русский уголь»,https://www.ruscoal.ru,7705880068,,RAEX,https://www.ruscoal.ru/sotsialnaya-politika/,https://www.ruscoal.ru/sotsialnaya-politika/ekologiya/,нет,https://www.ruscoal.ru/sotsialnaya-politika/,https://www.ruscoal.ru/tenders/,нет,https://www.ruscoal.ru/about/tsennosti/,нет,нет,нет,,6
«Корпорация ВСМПО-АВИСМА»,https://www.vsmpo.ru,6607000556,,RAEX,https://www.vsmpo.ru/development/,https://www.vsmpo.ru/development/,нет,https://www.vsmpo.ru/career/blagotvoritelnost/,https://www.vsmpo.ru/tenders/potrebnosti-korporatsii/,https://www.vsmpo.ru/investors/korporativnoe-upravlenie/organizatsii/,https://www.vsmpo.ru/corporation/,нет,нет,нет,,7
ОГК Групп,https://ogkgroup.ru/,7720746187,,RAEX,нет,нет,нет,нет,нет,нет,https://ogkgroup.ru/about,нет,нет,нет,,2
«УГМК»,https://www.ugmk.com,6606013640,,RAEX,https://ugmk.com/about_company/strategy/,сайт не работает,сайт не работает,сайт не работает,сайт не работает,сайт не работает,сайт не работает,сайт не работает,сайт не работает,сайт не работает,,2
«Русская медная компания»,https://rmk-group.ru/ru/,6670061296,,RAEX,https://rmk-group.ru/ru/sustainable_development/our_approach/,сайт не работает,сайт не работает,сайт не работает,сайт не работает,сайт не работает,сайт не работает,сайт не работает,сайт не работает,сайт не работает,,2
"«Роснефть», нефтяная компания",https://www.rosneft.ru,7706107510,*,RAEX,Rosneft_CSR2022_RUS.pdf,Нет,Нет,https://www.rosneft.ru/Development/personnel/ и  https://www.rosneft.ru/Development/Podhodi_k_sobljudeniju_prav_cheloveka/,Нет,https://www.rosneft.ru/governance/,https://www.rosneft.ru/about/strategy/,https://www.rosneft.ru/Investors/corpgov/,https://www.rosneft.ru/Investors/corpgov/,https://www.rosneft.ru/Investors/information/,,6
«ЛУКОЙЛ»,https://lukoil.ru,7708004767,*,RAEX,https://lukoil.ru/Sustainability,https://lukoil.ru/Sustainability/Environment,Нет,https://lukoil.ru/Sustainability/Ouremployees и https://lukoil.ru/Sustainability/Humanrights,https://lukoil.ru/Company/Tendersandauctions/Tenders,нет,нет,https://lukoil.ru/Sustainability/DocumentCenter,https://lukoil.ru/Company/InternalDocuments,https://lukoil.ru/InvestorAndShareholderCenter/Disclosure,,7
«Зарубежнефть»,https://www.zarubezhneft.ru/ru/,7706009381,,RAEX,https://www.zarubezhneft.ru/ru/ustoychivoe-razvitie/,https://www.zarubezhneft.ru/ru/ustoychivoe-razvitie/okhrana-okruzhayushchey-sredy/,Нет,https://www.zarubezhneft.ru/ru/ustoychivoe-razvitie/okhrana-truda-i-promyshlennaya-bezopasnost/,https://www.zarubezhneft.ru/ru/zakupki/aktualnye-zakupki/,нет,https://www.zarubezhneft.ru/ru/o-kompanii/missiya-i-tsennosti/,https://www.zarubezhneft.ru/ru/raskrytie-informatsii/,https://www.zarubezhneft.ru/ru/raskrytie-informatsii/,https://www.zarubezhneft.ru/ru/raskrytie-informatsii/,,8
НОВАТЭК,https://www.novatek.ru,6316031581,*,RAEX,https://www.novatek.ru/ru/esg/,нет,Нет,https://www.novatek.ru/ru/esg/staff/,Нет,https://www.novatek.ru/ru/about/management/,нет,https://www.novatek.ru/ru/esg/opsustainability/business-ethics/,https://www.novatek.ru/ru/esg/opsustainability/business-ethics/,https://www.novatek.ru/ru/investors/disclosure/facts/,,6
«Иркутская нефтяная компания»,https://www.irkutskoil.ru,3808101407,,RAEX,https://www.irkutskoil.ru/sustainable-development/,https://www.irkutskoil.ru/sustainable-development/environmental-protection/,Нет,https://www.irkutskoil.ru/sustainable-development/society/occupational-health-and-safety/,https://lkk.irkutskoil.ru/active-tenders/list,https://www.irkutskoil.ru/shareholders/sistema-korporativnogo-upravleniya/,нет,https://www.irkutskoil.ru/sustainable-development/managment/ethics-and-combating-corruption/,https://www.irkutskoil.ru/sustainable-development/managment/ethics-and-combating-corruption/,https://www.irkutskoil.ru/shareholders/disclosure/,,8
"«Татнефть», группа",https://www.tatneft.ru,1644003838,*,RAEX,https://www.tatneft.ru/sustainable_development,https://www.tatneft.ru/ekologiya,https://www.tatneft.ru/sustainable_development/human_rights,https://www.tatneft.ru/sustainable_development/personnel,Нет,https://www.tatneft.ru/o-kompanii/corporate_governance,https://www.tatneft.ru/o-kompanii/mission,нет,https://www.tatneft.ru/o-kompanii/corporate_governance/anticorruption,https://www.tatneft.ru/aktsioneram-i-investoram/raskritie-informatsii/godovie-otcheti,,8
«Газпром»,https://www.gazprom.ru,7736050003,*,RAEX,https://www.gazprom.ru/sustainability/,https://www.gazprom.ru/sustainability/environmental-protection/,https://www.gazprom.ru/sustainability/human-rights/,https://www.gazprom.ru/about/production/safety/,Нет,https://www.gazprom.ru/sustainability/sustainability-management/regulatory-documents/,нет,https://www.gazprom.ru/sustainability/sustainability-management/regulatory-documents/,https://www.gazprom.ru/sustainability/sustainability-management/regulatory-documents/,https://www.gazprom.ru/investors/disclosure/,,8
Якутская топливно-энергетическая компания (ЯТЭК),http://www.yatec.ru/,1435027335,,RAEX,https://yatec.ru/razvitie/ecology/,https://yatec.ru/razvitie/ecology/,Нет,https://yatec.ru/razvitie/safety/,https://yatec.ru/postavshchikam/tekushchie-zakupki/,https://www.yatec.ru/aktsioneram/raskrytie-informatsii/uchreditelnye-dokumenty-i-polozheniya/,нет,нет,нет,https://yatec.ru/aktsioneram/raskrytie-informatsii/,,6
«Сургутнефтегаз»,https://www.surgutneftegas.ru,8602060555,*,RAEX,ECO_2022_surgut.pdf,https://www.surgutneftegas.ru/responsibility/ecology/,Нет,https://www.surgutneftegas.ru/responsibility/personnel_policy/,Нет,https://www.russneft.ru/shareholders/corporate_governance/,нет,нет,нет,https://www.surgutneftegas.ru/regulated_activities/raskrytie-informatsii-po-reguliruemym-sferam-deyatelnosti/index.php?sphrase_id=105646,,4
"«РуссНефть», нефтегазовая компания",http://www.russneft.ru,7715351479,,RAEX,http://www.russneft.ru/esg/,http://www.russneft.ru/production/bezopasnost_proizvodstva_i_okhrana_okruzhayushchey_sredy/,Нет,http://www.russneft.ru/about/managepolitic/,https://tender.russneft.ru,https://www.russneft.ru/shareholders/corporate_governance/,нет,нет,нет,http://www.russneft.ru/shareholders/information_disclosure/,,6
«Газпром нефть»,https://www.gazprom-neft.ru,5504036333,,RAEX,https://www.gazprom-neft.ru/social/,https://www.gazprom-neft.ru/social/ecology/,Нет,https://www.gazprom-neft.ru/social/employee-development/,Нет,нет,https://www.gazprom-neft.ru/company/about/strategy/,нет,нет,https://ir.gazprom-neft.ru/disclosure/insiders/,,5
ТАИФ-НК,https://www.taifnk.ru,1655082001,,RAEX,https://www.taifnk.ru/press/publications/?action=ITEM&doc=722,https://taifnk.ru/company/ecology/,Нет,https://taifnk.ru/company/grade/,https://taifnk.ru/zakupki/,нет,нет,нет,https://taifnk.ru/company/documents/,https://taifnk.ru/company/sharer/,,6
Башнефть,http://www.bashneft.ru,274051582,,RAEX,20160617_bn_our2015_web_rus.pdf,Нет,Нет,Нет,Нет,https://www.bashneft.ru/corporate/directors/,нет,https://www.bashneft.ru/corporate/charter/,https://www.bashneft.ru/corporate/charter/,https://www.bashneft.ru/disclosure/,,4
«Сахалинская энергия»,https://www.sakhalinenergy.ru/ru/,6500000459,,RAEX,https://www.sakhalinenergy.ru/ru/hse/environment/,https://www.sakhalinenergy.ru/ru/hse/safety/,https://www.sakhalinenergy.ru/ru/social/sustainable_development/,https://www.sakhalinenergy.ru/ru/career/,https://www.sakhalinenergy.ru/ru/contractors/overview/,нет,нет,нет,нет,Нет,,6
"«Славнефть», группа",https://www.slavneft.ru,7705097080,,RAEX,https://bngre.slavneft.ru/sustainable-development,https://bngre.slavneft.ru/sustainable-development/environmental-protection,Нет,https://bngre.slavneft.ru/sustainable-development/safety,https://bngre.slavneft.ru/bidding/zakupki,нет,нет,https://www.slavneft.ru/shareholder/documents/,нет,Нет,,6
"""Нефтиса"", нефтяная компания",https://www.neftisa.ru,7707647210,,RAEX,https://www.neftisa.ru/sustainable-development/,https://www.neftisa.ru/sustainable-development/ecology/,Нет,https://www.neftisa.ru/sustainable-development/staff-development/,https://www.neftisa.ru/tenders/,https://www.neftisa.ru/about/boardofdirectors/,нет,нет,нет,Нет,,6
Независимая нефтегазовая компания,http://www.ipc-oil.ru/,7731306744,,RAEX,сайт не работает,сайт не работает,сайт не работает,сайт не работает,сайт не работает,сайт не работает,сайт не работает,сайт не работает,сайт не работает,сайт не работает,,1
«СИБУР Холдинг»,https://www.sibur.ru/ru/,7726033349,,RAEX,https://www.sibur.ru/ru/sustainability/,https://www.sibur.ru/ru/sustainability/sibur_environment/,https://www.sibur.ru/ru/clients/,https://www.sibur.ru/ru/sustainability/health/,https://www.sibur.ru/ru/procurement/,https://www.sibur.ru/ru/about/corporate/,https://www.sibur.ru/ru/about/mission/,https://www.sibur.ru/ru/about/corporate/documents/?section=185,https://www.sibur.ru/ru/about/corporate/compliance/,https://www.sibur.ru/ru/investors/disclosure/,,10
"«Титан», группа компаний (нефтехимия)",https://titan-group.ru,5501040083,,RAEX,https://titan-group.ru/about/development/,https://titan-group.ru/about/development/ecoinformer/,Нет,https://titan-group.ru/career/,Нет,https://titan-group.ru/about/,https://titan-group.ru/about/,нет,нет,,,6
АКВИЛОН,https://group-akvilon.ru/contacts/,7810734316,,СЗФО,нет,нет,нет,нет,нет,нет,https://group-akvilon.ru/about/mission/,нет,нет,нет,,2
Группа RBI,https://www.rbi.ru/about/history/,7801293231,,СЗФО,нет,нет,нет,нет,нет,https://www.rbi.ru/about/team/,https://www.rbi.ru/about/team/,Нет,нет,нет,,3
Главстрой СПБ,https://glavstroy-spb.ru,7839347260,,СЗФО,нет,Нет,https://glavstroy-spb.ru/consent-personal,https://glavstroy-spb.ru/career,Нет,https://glavstroy-spb.ru/company,Нет,Нет,Нет,Нет,,4
«Мегалайн»,https://megalinestroy.ru,7802742962,,СЗФО,нет,Нет,Нет,Нет,https://megalinestroy.ru/#podryadchik,Нет,Нет,Нет,Нет,Нет,,2
Л1,https://www.l1-stroy.ru,7805081830,,СЗФО,нет,Нет,Нет,https://www.l1-stroy.ru/kariera,https://www.l1-stroy.ru/partneram,Нет,Нет,Нет,Нет,Нет,,3
ПИК,https://www.pik.ru/spb,5001019620,,СЗФО,нет,Нет,Нет,https://job.pik.ru,https://tender.pik.ru/?_ga=2.193956269.1024835076.1715883651-514309895.1715883651,Нет,https://job.pik.ru/about,Нет,Нет,Нет,,4
ГК “Самолет”,https://samolet.ru,9731004688,*,СЗФО,https://samolet.ru/investors/esg/,https://samolet.ru/investors/esg/,Нет,https://career.samolet.ru/?_gl=1*1ffsz6y*_ga*MTQ3MzkxNjkyLjE3MTU4ODM3MTk.*_ga_2WZB3B8QT0*MTcxNTg4MzcxOC4xLjEuMTcxNTg4Mzc3OC4wLjAuMTUxMjU2NjA4Mw..*_fplc*bk42S3VrRnZmcVRyUkZvT09RSUJkQ3MlMkI2U0pCRW82NFFMYnAwMDlXYmE4d3p1NmQ3NDAySXRaVzZySktVeHNIdTNiWFVRTWhoSGp2d0VZTkdidFBlOTVBUVp1SjEyJTJGYmdWV3NzYjlwWnNCRVhjNHJQOEhmc21VdHoya2E1QSUzRCUzRA..,https://partner.samolet.ru/tenders,https://samolet.ru/company/chiefs/,Нет,Нет,Нет,Нет,,6
ГК «А101»,https://a101.ru,7704810149,,СЗФО,нет,Нет,https://a101.ru/services/,https://a101.ru/company/career/,https://a101.ru/company/tenders/,https://a101.ru/company/directors/,Нет,https://a101.ru/mmedia/business_ethics.pdf,Нет,Нет,,6
«Петрополь»,http://www.petropol.ru,7842330147,,СЗФО,нет,Нет,Нет,http://www.petropol.ru/about/vacancy/,Нет,http://www.petropol.ru/about/team/,Нет,Нет,Нет,Нет,,3
Строительный трест,https://www.stroytrest.spb.ru,7804004544,,СЗФО,нет,Нет,Нет,Нет,Нет,Нет,Нет,Нет,Нет,Нет,,1
"""Балтийская жемчужина""",https://bpearl.net,7801377058,,СЗФО,нет,Нет,https://bpearl.net/usloviya-pokupki/,https://bpearl.net/o-proekte/working-conditions/,Нет,Нет,Нет,Нет,Нет,Нет,,3
холдинг «СЕНАТОР»,https://senator.ru,7813635105,,СЗФО,нет,Нет,Нет,https://senator.ru/vakansii/,https://senator.ru/partneram/,Нет,Нет,Нет,Нет,Нет,,3
"""Сэтл Групп"" и Петербургской недвижимости",https://setlgroup.ru,7810245481,,СЗФО,нет,https://setlgroup.ru/sustainability/ecology,https://setlgroup.ru/customers,https://job.setlgroup.ru,нет,https://setlgroup.ru/about/structure,Нет,Нет,Нет,Нет,,5
АО «ЮИТ Санкт-Петербург»,Больше не работает в РФ,7814313164,,СЗФО,Больше не работает в РФ,Больше не работает в РФ,Больше не работает в РФ,Больше не работает в РФ,Больше не работает в РФ,Больше не работает в РФ,Больше не работает в РФ,Больше не работает в РФ,Больше не работает в РФ,Больше не работает в РФ,,0
Группа ЛСР,https://www.lsrgroup.ru,7838360491,,СЗФО,https://samolet.ru/investors/esg/,Нет,Нет,https://www.lsrgroup.ru/about/karera,Нет,https://www.lsrgroup.ru/obshhie-princzipyi/sovet-direktorov,https://www.lsrgroup.ru/about/missiya-i-videnie,Нет,Нет,https://www.lsrgroup.ru/raskryitie-informaczii/korporativnyie-dokumentyi,,5
ГК «Максимум Life Development»,https://maximum.life,7802784419,,СЗФО,нет,Нет,Нет,Нет,Нет,Нет,Нет,Нет,Нет,Нет,,1
ГК “Ленстройтрест”,https://6543210.ru,7801082329,,СЗФО,нет,Нет,https://6543210.ru/privacy_policy/,Нет,Нет,https://6543210.ru/kompaniya/o-nas/,Нет,Нет,Нет,Нет,,3
ГК “СК ПСП”,http://sk-psp.ru,7810502379,,СЗФО,нет,Нет,Нет,http://sk-psp.ru/about/sout/,Нет,Нет,Нет,Нет,Нет,Нет,,2
Группа строительных компаний “Возрождение”,https://www.vozr.ru,7811062995,,СЗФО,нет,Нет,Нет,https://www.vozr.ru/Karera-v-kompanii/,Нет,https://www.vozr.ru/o-kompanii/menedzhment/,Нет,Нет,Нет,Нет,,3
ГК Becar,https://becar.ru,7811358625,,СЗФО,нет,Нет,Нет,https://becar.ru/vacancies/,Нет,https://becar.ru/about/team/,Нет,Нет,Нет,Нет,,3
ГК «БестЪ. Коммерческая недвижимость»,https://bestgroup.ru,7702712604,,СЗФО,нет,нет,нет,нет,нет,нет,Нет,Нет,нет,нет,,1
"ГК ""Еврострой""",https://esgroup.ru,9717119366,,СЗФО,нет,нет,нет,нет,https://esgroup.ru/our-tenders/,https://esgroup.ru/team/,Нет,Нет,нет,нет,,3
Группа «Эталон»,https://etalongroup.ru/msk/,7814116230,,RAEX,нет,нет,https://etalongroup.ru/msk/actions/,нет,https://etalongroup.ru/contractors/,нет,нет,нет,нет,нет,,3
«Группа Компаний ПИК»,https://www.pik.ru,7713011336,*,RAEX,https://pik-group.ru/about/sustainable-development,нет,https://www.pik.ru/pages/social,https://job.pik.ru/,нет,нет,нет,нет,нет,нет,,4
“Эко Лэнд”,https://ekolendspb.ru,7839031482,,СЗФО,нет,https://ekolendspb.ru/,нет,нет,нет,нет,нет,нет,нет,https://ekolendspb.ru/raskrytie-informacii,,2
НЭО,https://spb-neo.ru,7804678913,,СЗФО,нет,https://spb-neo.ru/informatsiya-dlya-potrebiteley/dlya-fiz-lits/razdelnyy-sbor-otkhodov/,нет,https://spb-neo.ru/o-kompanii/okhrana-truda/,https://spb-neo.ru/informatsiya-dlya-potrebiteley/dlya-yur-lits/zaklyuchenie-dogovora-yur/,https://spb-neo.ru/o-kompanii/rucovodstvo/,https://spb-neo.ru/o-kompanii/tseli-i-zadachi-kompanii/,нет,нет,https://spb-neo.ru/dokumentatsiya/,,6
УКООЛО,https://uko-lenobl.ru,4704077078,,СЗФО,нет,https://uko-lenobl.ru/ekologicheski-otvetstvennyj-biznes,https://uko-lenobl.ru/potrebiteli/fizicheskim-litsam,нет,https://uko-lenobl.ru/potrebiteli/yuridicheskim-litsam,https://uko-lenobl.ru/kontakty-dlya-vzaimodejstviya/otdel-po-rabote-s-debitorskoj-zadolzhennostyu-yuridicheskih-lits,https://uko-lenobl.ru/o-kompanii,нет,нет,https://uko-lenobl.ru/emission в разработке,,6
ООО «Ресурс АТЭ»,https://r-ate.ru,7810900796,,СЗФО,нет,https://r-ate.ru/tpost/41rusfv6y1-k-resursam-berezhno-vpervie-v-pushkine-s,нет,нет,нет,нет,нет,нет,нет,нет,,2
АО Автопарк № 1 “Спецтранс”,https://spest1.ru,7830002705,,СЗФО,нет,нет,нет,нет,https://spest1.ru/o-kompanii/zakupki,https://spest1.ru/o-kompanii/menedzhment,https://spest1.ru/o-kompanii,нет,нет,https://spest1.ru/aktsioneram-i-investoram/raskrytie-informatsii,,4
АО Автопарк № 6 “Спецтранс”,https://www.sp6.ru,7830000440,,СЗФО,нет,https://www.sp6.ru/ekologicheskoe-soprovozhdenie/,нет,нет,нет,нет,https://www.sp6.ru/about/,нет,нет,Нет,,3
“Активный компонент”,https://acticomp.ru,7817041279,,СЗФО,нет,нет,нет,https://acticomp.ru/career/,нет,нет,https://acticomp.ru/about-us/,нет,нет,Нет,,3
ГЕРОФАРМ,https://geropharm.ru,7826043970,,СЗФО,нет,Нет,https://geropharm.ru/about/sotsialnaya-otvetstvennost,https://geropharm.ru/career,https://geropharm.ru/partneram/contractors,Нет,https://geropharm.ru/about#our-mission,Нет,Нет,Нет,,5
БИОКАД,https://biocad.ru,5024048000,,СЗФО,https://biocad.ru/social,https://biocad.ru/social,https://biocad.ru/patients,https://career.biocad.ru/advantages-conditions,https://biocad.ru/user-agreement/kommercheskay_politika,нет,https://biocad.ru/we,нет,https://biocad.ru/user-agreement/anti-corruption_policy,нет,,8
ПОЛИСАН,https://www.polysan.ru,7805023934,,СЗФО,нет,нет,https://www.polysan.ru/farmakonadzor.htm,нет,нет,нет,https://www.polysan.ru/about.htm,нет,Нет,нет,,3
ВЕРТЕКС,https://vertex.spb.ru,7810180435,,СЗФО,нет,нет,нет,https://vertex.spb.ru/career/social-guarantees/,нет,нет,https://vertex.spb.ru/company/,нет,Нет,нет,,3
“Юникосметик” (бренд Estel),https://estel.pro/about/zavod-estel,7826704356,,СЗФО,нет,нет,нет,нет,нет,нет,https://estel.pro/about/zavod-estel,нет,Нет,нет,,2
Цитомед,https://cytomed.ru,4700000042,,СЗФО,нет,нет,https://cytomed.ru/pharmacovigilance/,нет,нет,нет,https://cytomed.ru/,нет,Нет,нет,,3
ТГК-1,https://www.tgc1.ru,7841312071,,СЗФО,https://www.tgc1.ru/sustainability/,https://www.tgc1.ru/sustainability/environment/,https://www.tgc1.ru/sustainability/social/,https://www.tgc1.ru/about/safety/labor/,https://www.tgc1.ru/tenders/program/,https://www.tgc1.ru/about/governance/,https://www.tgc1.ru/about/mission/,нет,нет,https://www.tgc1.ru/about/,,8
“Россети Ленэнерго”,https://rosseti-lenenergo.ru,7803002209,,СЗФО,https://rosseti-lenenergo.ru/sustainable_development/,нет,https://rosseti-lenenergo.ru/about/osnovnay_deiatelnost/electrosafety/,https://rosseti-lenenergo.ru/about/personal_hr/Socialnaya_otvetstvennost/,https://rosseti-lenenergo.ru/tenders/,нет,https://rosseti-lenenergo.ru/about/,нет,https://rosseti-lenenergo.ru/about/corruption/,https://rosseti-lenenergo.ru/shareholders/open_info/,,7
“Ленсвет”,https://lensvet.spb.ru,7838087330,,СЗФО,нет,нет,нет,нет,https://lensvet.spb.ru/zakupki/,https://lensvet.spb.ru/management/,https://lensvet.spb.ru/missiya_i_cennosti/,нет,https://lensvet.spb.ru/protivodeystvie_korrupcii/,нет,,5
АО “ЛОЭСК,https://loesk.ru,4703074613,,СЗФО,нет,нет,нет,нет,https://loesk.ru/pages/80/,https://loesk.ru/pages/29/,https://loesk.ru/pages/35/,https://loesk.ru/pages/98/,https://loesk.ru/pages/153/,https://loesk.ru/pages/13/,,6
ГУП “ТЭК СПБ”,https://gptek.spb.ru,7830001028,,СЗФО,нет,нет,https://gptek.spb.ru/citizens/,https://gptek.spb.ru/career/,https://gptek.spb.ru/about/zakupki/,https://gptek.spb.ru/about/management/,https://gptek.spb.ru/about/mission/,нет,https://gptek.spb.ru/about/protivodeystvie-korrupcii/,нет,,7
"АО ""Концерн Росэнергоатом"" ""Ленинградская атомная станция""",https://www.rosenergoatom.ru/stations_projects/sayt-leningradskoy-aes/partneram/index.php?ELEMENT_ID=19030,7721632827,,СЗФО,нет,https://www.rosenergoatom.ru/stations_projects/sayt-leningradskoy-aes/bezopasnost-i-ekologiya/,https://www.rosenergoatom.ru/stations_projects/sayt-leningradskoy-aes/informatsiya-dlya-naseleniya/,https://www.rosenergoatom.ru/stations_projects/sayt-leningradskoy-aes/sotsialnaya-otvetstvennost/,нет,https://www.rosenergoatom.ru/stations_projects/sayt-leningradskoy-aes/rukovodstvo/,нет,нет,нет,https://www.rosenergoatom.ru/stations_projects/sayt-leningradskoy-aes/soobshcheniya-o-raskrytii-informatsii/,,5
"""Архангельск СПГ"" (строится)",none,5190097702,,СЗФО,сайта нет,сайта нет,сайта нет,сайта нет,сайта нет,сайта нет,сайта нет,сайта нет,сайта нет,сайта нет,,0
“МУРМАНСК СПГ” (строится),none,5190097702,,СЗФО,сайта нет,сайта нет,сайта нет,сайта нет,сайта нет,сайта нет,сайта нет,сайта нет,сайта нет,сайта нет,,0
БАЛТИЙСКИЙ ХИМИЧЕСКИЙ КОМПЛЕКС,none (ООО «РусХимАльянс» - Усть-Луга проект КПЭГ СПГ- строится),9705082619,,СЗФО,сайта нет,сайта нет,сайта нет,сайта нет,сайта нет,сайта нет,сайта нет,сайта нет,сайта нет,сайта нет,,0
Компания “Ветропарк” (строится),https://windpark.ru,7840320023,,СЗФО,нет,нет,нет,нет,нет,нет,нет,нет,нет,нет,,1
«ЭЛ5-Энерго»,https://www.el5-energo.ru,7722581697,,RAEX,https://www.el5-energo.ru/sustainability/,https://www.el5-energo.ru/sustainability/ecology/,https://www.el5-energo.ru/sustainability/human-rights-policy/,https://www.el5-energo.ru/sustainability/social-grant/,https://www.el5-energo.ru/suppliers/procurement-plan/,https://www.el5-energo.ru/sustainability/corporate-governance/,нет,https://www.el5-energo.ru/sustainability/ethics-and-anticorruption/,https://www.el5-energo.ru/sustainability/ethics-and-anticorruption/,https://www.el5-energo.ru/investors/information-disclosure/,,9
«Т Плюс»,https://www.tplusgroup.ru,6315376946,,RAEX,https://www.tplusgroup.ru/kso/,https://www.tplusgroup.ru/kso/environmental-protection/,https://www.tplusgroup.ru/kso/vzaimodeistvie-s-mestnymi-soobshchestvami/,https://www.tplusgroup.ru/kso/social/,https://zakupki.tplusgroup.ru/,https://www.tplusgroup.ru/ir/governance/auditor-actuary/,нет,https://www.tplusgroup.ru/kso/ethics/,https://www.tplusgroup.ru/kso/ethics/,https://www.tplusgroup.ru/clients/disclosure/,,9
«Интер РАО»,https://irao-generation.ru,2320109650,*,RAEX,сайт не работает,сайт не работает,сайт не работает,сайт не работает,сайт не работает,сайт не работает,сайт не работает,сайт не работает,сайт не работает,сайт не работает,,1
«РусГидро»,http://www.rushydro.ru,2460066195,*,RAEX,https://rushydro.ru/sustainable_development/,https://rushydro.ru/sustainable_development/environmental/,https://rushydro.ru/sustainable_development/alms_charity/,https://rushydro.ru/sustainable_development/korporativnaya-i-sotsialnaya-otchetnost/,https://zakupki.rushydro.ru/,https://rushydro.ru/company/corporate/,https://rushydro.ru/company/strategy/,нет,https://rushydro.ru/company/antikorruptsionnaya-deyatelnost/,https://rushydro.ru/investors/disclosure/,,9
«Юнипро»,https://www.unipro.energy,8602067092,*,RAEX,https://www.unipro.energy/sustainable_development/,https://www.unipro.energy/activities/ecology/,нет,нет,https://www.unipro.energy/purchase/announcement/,https://www.unipro.energy/corporate_governance/,нет,нет,https://www.unipro.energy/corporate_governance/documents/,https://www.unipro.energy/shareholders/disclosure/issuers_reports/,,6
«Квадра»,https://www.quadra.ru,3123011520,,RAEX,https://www.quadra.ru/o-kompanii/sotsialnoe-razvitie/,https://www.quadra.ru/o-kompanii/sotsialnoe-razvitie/ohrana-okruzhayushhej-sredy/,нет,https://www.quadra.ru/o-kompanii/sotsialnoe-razvitie/ohtruda-i-prombez/,https://www.quadra.ru/trade/legal/,https://www.quadra.ru/aktsioneram-i-investoram/korporativnoe-upravlenie/,нет,нет,https://www.quadra.ru/o-kompanii/protivodejstvie-korruptsii/,https://www.quadra.ru/aktsioneram-i-investoram/raskrytie-informatsii/,,7
«Россети»,https://www.rosseti.ru,7728662669,*,RAEX,https://www.rosseti.ru/shareholders-and-investors/corporate-governance/corporate-governance-structure/index.php?sphrase_id=10693,нет,нет,нет,https://www.rosseti.ru/suppliers/procurement-management/,https://www.rosseti.ru/company/corporate-governance/,нет,нет,https://www.rosseti.ru/company/constituent-and-internal-documents/,https://www.rosseti.ru/shareholders-and-investors/disclosure-of-information/,,5
"«ТНС ЭНЕРГО», группа компаний",https://corp.tns-e.ru,6230077450,,RAEX,TNS_kodeks_etiki.pdf,нет,нет,нет,https://corp.tns-e.ru/activities/tenders/,https://corp.tns-e.ru/company/sovet-direktorov/,нет,https://corp.tns-e.ru/investors/constituent-docs/position-company/,https://corp.tns-e.ru/company/anticorruption/policy/,https://corp.tns-e.ru/investors/disclosure/,,5
ТГК-2,http://www.tgc-2.ru,7606016038,,RAEX,https://tgc-2.ru/about/conservation/,https://tgc-2.ru/about/conservation/,нет,https://tgc-2.ru/about/conservation/poot/,https://tgc-2.ru/procurements/,http://www.tgc-2.ru/about/management/,нет,нет,http://www.tgc-2.ru/procurements/hotline/,https://tgc-2.ru/investors/disclosure/charter/,,7
«Росатом»,https://www.rosatom.ru/index.html,7707143640,,RAEX,https://www.rosatom.ru/sustainability/,https://www.rosatom.ru/sustainability/ekologicheskiy-aspekt/,https://www.rosatom.ru/journalist/729-%D0%9F.pdf,https://www.rosatom.ru/sustainability/sotsialnyy-aspekt/,https://zakupki.rosatom.ru/Web.aspx?node=currentorders&ostate=P,https://www.rosatom.ru/about/governance/,https://www.rosatom.ru/about/mission/,нет,https://www.rosatom.ru/sustainability/,https://www.rosatom.ru/investor/,,9
Мосэнерго,,7705035012,*,,,,,,,,,,,,,
СВЕЗА,https://www.sveza.ru,5024154489,,СЗФО,https://www.sveza.ru/company/development/,https://www.sveza.ru/documents/other_documents/,https://www.sveza.ru/company/strategy/,https://www.sveza.ru/career/,https://www.sveza.ru/suppliers/,https://www.sveza.ru/managers/,https://www.sveza.ru/company/value/,нет,https://www.sveza.ru/documents/combating_corruptions/,https://www.sveza.ru/documents/other_documents/,,9
«Карелия Палп»,http://karjalapulp.com,7816527605,,СЗФО,http://karjalapulp.com/ответственность/,http://karjalapulp.com/%d0%be%d1%82%d0%b2%d0%b5%d1%82%d1%81%d1%82%d0%b2%d0%b5%d0%bd%d0%bd%d0%be%d1%81%d1%82%d1%8c/,нет,http://karjalapulp.com/%d0%be%d1%82%d0%b2%d0%b5%d1%82%d1%81%d1%82%d0%b2%d0%b5%d0%bd%d0%bd%d0%be%d1%81%d1%82%d1%8c/,нет,http://karjalapulp.com/%d0%bc%d0%b5%d0%bd%d0%b5%d0%b4%d0%b6%d0%bc%d0%b5%d0%bd%d1%82/,http://karjalapulp.com/%d0%bc%d0%b8%d1%81%d1%81%d0%b8%d1%8f/,нет,нет,нет,,6
Segezha Group,https://segezha-group.com,9703024202,*,СЗФО,https://segezha-group.com/sustainable-development/,https://segezha-group.com/sustainable-development/#section-sustainable-business,нет,https://segezha-group.com/career/corporate-culture/,https://segezha-group.com/providers/,нет,https://segezha-group.com/career/corporate-culture/,https://segezha-group.com/about/compliance/,https://segezha-group.com/about/compliance/,https://segezha-group.com/investors/#investments-disclosure,,8
АО «Кондопожский ЦБК»,https://aokcbk.ru,1003018230,,СЗФО,https://aokcbk.ru/safety/,https://aokcbk.ru/ecology/,нет,https://aokcbk.ru/sport/,нет,https://aokcbk.ru/head-of-the-company/,нет,нет,https://aokcbk.ru/corruption/,нет,,6
"«Лузалес»,",https://luzales.ru,1112003481,,СЗФО,нет,https://luzales.ru/storage/app/uploads/public/624/bdf/5de/624bdf5de5450419453392.pdf,нет,нет,https://luzales.ru/about#purchases,https://luzales.ru/about#management,нет,нет,https://luzales.ru/storage/app/uploads/public/61f/120/175/61f12017537ce537529742.pdf,нет,,5
"АО ""Группа ""Илим""",https://www.ilimgroup.ru,7840346335,,СЗФО,https://www.ilimgroup.ru,https://www.ilimgroup.ru/ustoychivoe-razvitie/ekologiya/,нет,https://www.ilimgroup.ru/ustoychivoe-razvitie/bezopasnost-i-okhrana-truda/,https://www.ilimgroup.ru/zakupki/informatsiya-dlya-postavshchikov/,https://www.ilimgroup.ru/o-gruppe-ilim/rukovodstvo/,https://www.ilimgroup.ru/o-gruppe-ilim/missiya-i-videnie/,нет,нет,https://www.ilimgroup.ru/aktsioneram/raskrytie-informatsii/,,7
Светогорский ЦБК,http://sveto-paper.com,4704012472,,СЗФО,http://sveto-paper.com/development.html,http://sveto-paper.com/protection.html,http://sveto-paper.com/protection.html,http://sveto-paper.com/caring-people.html,http://sveto-paper.com/materials.html,http://sveto-paper.com/management.html,http://sveto-paper.com/goal.html,нет,нет,нет,,8
«Архангельский ЦБК»,https://www.appm.ru,2901000559,,RAEX,https://www.appm.ru/corporate-responsibility/,https://www.appm.ru/corporate-responsibility/environment/,нет,https://www.appm.ru/career/,https://www.appm.ru/tenders/,https://www.appm.ru/about/#governance,https://www.appm.ru/about/#mission,нет,нет,нет,,7
"""Соликамскбумпром""",https://www.solbum.ru,5918000193,,RAEX,https://www.solbum.ru/company/,https://www.solbum.ru/production/environmental-protection/,нет,https://www.solbum.ru/%d1%81aring-for-people/social-politics/,нет,нет,https://www.solbum.ru/company/index.php,нет,https://www.solbum.ru/company/anti-corruption-politics.pdf,нет,,6
«Монди СЛПК»,http://mondigroup.com,3802004528,,RAEX,https://www.mondigroup.com/sustainability/,https://www.mondigroup.com/sustainability/map2030-framework/taking-action-on-climate/responsible-fibre-sourcing/,нет,https://www.mondigroup.com/sustainability/map2030-framework/empowered-people/,https://www.mondigroup.com/about-mondi/our-suppliers/,https://www.mondigroup.com/about-mondi/our-leadership/,https://www.mondigroup.com/about-mondi/who-we-are/,нет,нет,нет,,7
"""Титан"", группа компаний (деревообработка)",https://titan-group.ru,2901065656,,RAEX,https://titan-group.ru/about/development/,https://titan-group.ru/about/development/ecoinformer/,нет,https://titan-group.ru/about/development/sotsialnaya-otvetstvennost/,нет,https://titan-group.ru/about/#corpo-admin,https://titan-group.ru/about/#mission-strategy,нет,нет,нет,,6
ОЖД Октябрьская железная дорога,https://ozd.rzd.ru,2920009833,,СЗФО,нет,https://company.rzd.ru/ru/9386/page/103290?id=16380,https://ozd.rzd.ru/ru/4523,https://ozd.rzd.ru/ru/4330,https://ozd.rzd.ru/ru/10899/page/103290?id=19490,https://company.rzd.ru/ru/9349/page/105554?id=2#managers,Нет,Нет,https://company.rzd.ru/ru/9349/page/105554?id=675#6207,https://ozd.rzd.ru/ru/9532,,7
"""Бронка Групп""",https://www.bronkagroup.ru,7826136939,,СЗФО,нет,Нет,https://www.bronkagroup.ru/about/policy/,Нет,Нет,https://www.bronkagroup.ru/about/bod/,Нет,Нет,Нет,Нет,,3
АО «Морской порт Санкт-Петербург»,https://www.seaport.spb.ru,7805025346,,СЗФО,https://www.seaport.spb.ru/sustainable-development/,https://www.seaport.spb.ru/sustainable-development/environment/,https://www.seaport.spb.ru/upload/Polozenie_o_poriadke_obrabotki_perconalnyx_dannux.pdf,https://www.seaport.spb.ru/sustainable-development/occupational-safety/,https://www.seaport.spb.ru/for-suppliers-and-buyers/,Нет,Нет,Нет,Нет,https://www.seaport.spb.ru/documents/information-disclosure/,,6
СПб ГКУ «Организатор перевозок»,https://orgp.spb.ru,7840379186,,СЗФО,нет,Нет,Нет ,Нет,Нет,https://orgp.spb.ru/mn1/,Нет,Нет,https://orgp.spb.ru/anti_corruption/,Нет,,3
СПб ГУП «Горэлектротранс»,https://electrotrans.spb.ru,7830001927,,СЗФО,нет,Нет,https://electrotrans.spb.ru/passazhiram,https://electrotrans.spb.ru/sotrudnikam,Нет,https://electrotrans.spb.ru/struktura_predpriyatiya,https://electrotrans.spb.ru/o_predpriyatii,Нет,https://electrotrans.spb.ru/protivodeystvie_korrupcii,Нет,,6
"""Третий парк""",https://3park.ru,7814010096,,СЗФО,нет,Нет,https://3park.ru/passazhiram/,Нет,Нет,Нет,Нет,Нет,Нет,Нет,,2
ПИТЕРАВТО,https://piteravto.ru,7819027463,,СЗФО,нет,Нет,https://piteravto.ru/passengers/,Нет,Нет,Нет,https://piteravto.ru/about/,Нет,Нет,Нет,,3
Вест-Сервис,https://vest-service.ru,7838013473,,СЗФО,нет,Нет,https://vest-service.ru/passengers/,Нет,Нет,Нет,Нет,Нет,Нет,Нет,,2
Домтрансавто,http://www.domtransauto.ru,5009095550,,СЗФО,нет,Нет,Нет ,Нет,Нет,Нет,Нет,Нет,Нет,Нет,,1
Транспортные системы (производят электротранспорт),https://pk-ts.org,7801563632,,СЗФО,нет,Нет,Нет ,https://pk-ts.org/o-kompanii/ohrana-truda/,Нет,Нет,Нет,Нет,Нет,Нет,,2
Магистраль северной столицы (ЗСД),https://nch-spb.com,7710884741,,СЗФО,нет,https://nch-spb.com/company/ecology/,Нет ,Нет,Нет,Нет,Нет,Нет,Нет,Нет,,2
“Воздушные ворота Северной столицы”,https://pulkovoairport.ru,7703590927,,СЗФО,нет,https://pulkovoairport.ru/about/sustainability/,https://pulkovoairport.ru/passengers/,https://pulkovoairport.ru/about/careers/,https://pulkovoairport.ru/partners/,https://pulkovoairport.ru/about/about_pulkovo/executives/,Нет,Нет,Нет,https://pulkovoairport.ru/about/reports/,,6
АК Россия (базируется в СПб),https://www.rossiya-airlines.com,7810814522,,СЗФО,нет,Нет,Нет,https://www.rossiya-airlines.com/about/about_us/rossiya/labour-protection/,https://www.rossiya-airlines.com/about/zakupki/,Нет,Нет,Нет,https://www.rossiya-airlines.com/about/about_us/anti-corruption/,Нет,,4
Первый контейнерный терминал,https://www.globalports.com/ru/terminals/first-container-terminal/,7805113497,,СЗФО,https://www.globalports.com/ru/sustainability/,https://www.globalports.com/ru/sustainability/environmental/,https://www.globalports.com/ru/client/,https://www.globalports.com/ru/careers/,https://www.globalports.com/ru/tenders/,Нет,https://www.globalports.com/ru/company/mission/,https://www.globalports.com/ru/sustainability/governance/,https://www.globalports.com/ru/sustainability/anti-corruption/,Нет,,9
Ростерминалуголь,none,4707012248,,СЗФО,сайта нет,сайта нет,сайта нет,сайта нет,сайта нет,сайта нет,сайта нет,сайта нет,сайта нет,сайта нет,,0
ЛУГАПОРТ LUGAPORT (Строится),https://lugaport.com,7708328232,,СЗФО,нет,Нет,Нет,Нет,Нет,Нет,Нет,Нет,Нет,Нет,,1
РЖД,https://www.rzd.ru,7708503727,,RAEX,https://company.rzd.ru/ru/9386/page/103290?id=16380#main-header,https://company.rzd.ru/ru/9386/page/103290?id=16380,https://ozd.rzd.ru/ru/4523,https://ozd.rzd.ru/ru/4330,https://ozd.rzd.ru/ru/10899/page/103290?id=19490,https://company.rzd.ru/ru/9356#2,нет,нет,https://company.rzd.ru/ru/9349/page/105554?id=675#6207,Нет,,8
Globaltrans,https://www.globaltrans.com/ru/#home,7706593470,*,RAEX,https://www.globaltrans.com/ru/ustoichivoe-razvitie,https://www.globaltrans.com/sustainability/environment,,https://www.globaltrans.com/sustainability/employees,,https://www.globaltrans.com/ru/korporativnoe-upravlenie/sovet-direktorov,нет,нет,нет,https://www.globaltrans.com/presentation-of-information,,5
Global Ports,https://www.globalports.com/ru/,7802469783,,RAEX,https://www.globalports.com/ru/sustainability/,https://www.globalports.com/ru/sustainability/environmental/,Нет,https://www.globalports.com/ru/sustainability/safety/,Нет,https://www.globalports.com/ru/sustainability/governance/,https://www.globalports.com/ru/company/mission/,https://www.globalports.com/ru/sustainability/governance/,https://www.globalports.com/ru/sustainability/anti-corruption/,Нет,,8
«Совкомфлот»,https://www.sovcomflot.ru,7708012790,*,RAEX,https://www.sovcomflot.ru/fleet/sustainable_development/science_and_innovation/,https://www.sovcomflot.ru/about/sustainability/environment/,Нет,https://www.sovcomflot.ru/about/sustainability/osh/,Нет,https://www.sovcomflot.ru/about/sustainability/governance/,нет,нет,https://www.sovcomflot.ru/about/sustainability/anticorruption/,https://www.sovcomflot.ru/investors/disclosure/,,6
Транспортная группа FESCO,https://www.fesco.ru/ru/,2536015912,,RAEX,https://www.fesco.ru/ru/about/sustainable-development/,Нет,Нет,https://www.fesco.ru/ru/about/labor-protection/,https://www.fesco.ru/ru/about/tenders/,https://www.fesco.ru/ru/corporate/,нет,нет,нет,Нет,,5
«Транснефть»,https://www.transneft.ru,7706061801,*,RAEX,https://www.transneft.ru/development/,https://www.transneft.ru/development/ecology/,Нет,https://www.transneft.ru/development/safety-n-health/,https://www.transneft.ru/tenders/,https://www.transneft.ru/about/management/,нет,нет,https://www.transneft.ru/about/anti-corruption/,https://www.transneft.ru/information/,,7
«Новороссийский морской торговый порт»,https://www.nmtp.info,2315000061,,RAEX,https://nmtp.info/holding/socpolitic/charity/,Нет,Нет,https://www.nmtp.info/holding/socpolitic/labor_pol/,https://www.nmtp.info/holding/announcement/,https://www.nmtp.info/holding/contacts/,нет,нет,https://www.nmtp.info/holding/anti-corrupt/,https://www.nmtp.info/holding/investors/info_disclosure/prospects/,,6
«Аэрофлот - Российские авиалинии»,https://www.aeroflot.ru/ru-ru,7712040126,*,RAEX,https://www.aeroflot.ru/ru-ru/about/aeroflot_today/strategy,Нет,https://www.aeroflot.ru/ru-ru/information/special,https://www.aeroflot.ru/ru-ru/about/aeroflot_today/company_profile/documents,https://www.aeroflot.ru/ru-ru/about/retail_center,https://ir.aeroflot.ru/ru/corporate-governance/general-meeting-of-shareholders/,нет,нет,https://www.aeroflot.ru/ru-ru/about/anticorruption,Нет,,7
"«ЮТэйр», авиакомпания",https://www.utair.ru,7204000514,,RAEX,нет,Нет,https://www.utair.ru/support,Нет,https://www.utair.ru/about/corporate/purchases/,нет,нет,нет,нет,Нет,,3
S7 Airlines,https://www.s7.ru,5404237579,,RAEX,s7-ESG_2022.pdf,https://www.s7.ru/ru/info/environmental-policy/,Нет,https://www.s7.ru/ru/about/vacancies/,https://www.s7.ru/ru/tender/,нет,нет,нет,нет,Нет,,4
«Международный аэропорт Шереметьево»,https://www.svo.aero/ru/main,7710306618,,RAEX,https://www.svo.aero/ru/about/social-responsibility,Нет,https://www.svo.aero/ru/passengers/help,https://www.svo.aero/ru/about/study-and-career,https://www.svo.aero/ru/partners/tenders,нет,нет,нет,https://www.svo.aero/ru/about/anti-corruption,https://www.svo.aero/ru/partners/raskrytie-informatsii,,6
«ТрансКонтейнер»,https://trcont.com,7708591995,,RAEX,https://trcont.com/the-company/sustainable-development,https://trcont.com/the-company/sustainable-development/environment,Нет,https://trcont.com/the-company/credentials/occupational-safety,https://trcont.com/the-company/procurement,нет,нет,https://trcont.com/the-company/sustainable-development/corporate-ethics,https://trcont.com/the-company/stop-corruption,https://trcont.com/investor-relations/corporate-disclosure,,7
КФ Нева,http://kfneva.ru,4705030925,,СЗФО,нет,Нет,Нет,Нет,Нет,http://kfneva.ru/#sotrudnichestvo,Нет,Нет,Нет,Нет,,2
Шок.ф. Конфаэль,https://www.confael.ru,5044108709,,СЗФО,нет,Нет,Нет,Нет,https://www.confael.ru/sotrudnichestvo/arendodatelyam/,Нет,https://www.confael.ru/company/,Нет,Нет,Нет,,3
Невские берега,https://www.cake.spb.ru,7801003951,,СЗФО,нет,Нет,https://www.cake.spb.ru/about/28-politika,Нет,https://www.cake.spb.ru/partners,Нет,https://www.cake.spb.ru/about/30-mission,Нет,Нет,Нет,,4
Север-Метрополь,https://sever-metropol.ru,7825411011,,СЗФО,нет,Нет,Нет,Нет,Нет,Нет,Нет,Нет,Нет,Нет,,1
"""Черкизово""",https://www.cherkizovo.ru,5032046575,,СЗФО,нет,Нет,Нет,Нет,Нет,Нет,Нет,Нет,Нет,Нет,,1
"ОАО ""КАРАВАЙ""",https://www.karavay.spb.ru,7830000360,,СЗФО,нет,Нет,Нет,Нет,https://www.karavay.spb.ru/sotrudnichestvo/sotrudnichestvo/,Нет,Нет,Нет,Нет,Нет,,2
Птицефабрика Синявинская,https://pfsin.ru,4706001780,,СЗФО,нет,Нет,Нет,Нет,https://pfsin.ru/#cooperation,Нет,Нет,Нет,Нет,Нет,,2
РОСКАР,https://www.roskar.ru,4704008395,,СЗФО,нет,https://www.roskar.ru/ehkologiya,Нет,https://www.roskar.ru/vakansii,Нет,https://www.roskar.ru/rukovodstvo,Нет,Нет,Нет,Нет,,4
Ecofish ЭКОФИШ (рыба),https://ecofishshop.ru,5258127402,,СЗФО,нет,Нет,Нет,Нет,Нет,Нет,Нет,Нет,Нет,Нет,,1
ООО “Фацер”,none,7810907079,,СЗФО,сайта нет,сайта нет,сайта нет,сайта нет,сайта нет,сайта нет,сайта нет,сайта нет,сайта нет,сайта нет,,0
НОРЕБО,https://norebo.ru,2901170107,,СЗФО,https://norebo.ru/news/novyy-flot-norebo-kazhdyy-kilogramm-ulova-v-delo-1,https://norebo.ru/sustainable-fishing,Нет,https://norebo.ru/career,https://trade.norebo.ru/,Нет,Нет,https://norebo.ru/codex,Нет,Нет,,6
Компания “Путина”,https://putina.org,7825507838,,СЗФО,нет,Нет,https://putina.org/politika,https://putina.org/laborprotection,https://putina.org/usloviya,https://putina.org/company,Нет,Нет,Нет,Нет,,5
Балтийский берег,https://www.baltbereg.com,7804500052,,СЗФО,нет,Нет,Нет,https://www.baltbereg.com/about_us/charity/,https://www.baltbereg.com/for_partners/zakupki/,,https://www.baltbereg.com/about_us/vision_and_philosophy/,Нет,Нет,Нет,,4
МТС,https://mts.ru,7740000076,*,СЗФО,нет,Нет,Нет,Нет,https://tenders.mts.ru/?_ga=2.21258745.358596017.1677476982-1366343354.1659946707,Нет,https://spb.mts.ru/about,https://spb.mts.ru/about/komplaens-i-delovaya-etika,Нет,https://spb.mts.ru/about/investoram-i-akcioneram/korporativnoe-upravlenie/raskritie-informacii,,4
Ростелеком,https://www.company.rt.ru,7707049388,*,СЗФО,https://www.company.rt.ru/social/,Нет,Нет,https://www.company.rt.ru/career/vacancy/,https://zakupki.rostelecom.ru,Нет,https://www.company.rt.ru/about/mission_vision/,Нет,https://nocorruption.rt.ru,https://www.company.rt.ru/about/disclosure/,,6
Билайн (Вымпелком СЗФО),https://beeline.ru/,7713076301,,СЗФО,https://moskva.beeline.ru/about/about-beeline/social/,Нет,Нет,https://job.beeline.ru,https://spb.beeline.ru/business/partners/,Нет,https://spb.beeline.ru/about/about-beeline/,https://spb.beeline.ru/about/compliance/about-compliance/,Нет,https://spb.beeline.ru/about/about-beeline/disclosure/documents/,,6
Мегафон,https://megafon.ru/,7812014560,,СЗФО,https://corp.megafon.ru/development/,Нет,Нет,Нет,https://corp.megafon.ru/activity/#partners,Нет,https://corp.megafon.ru/about/#mission,https://corp.megafon.ru/about/#ethics,Нет,Нет,,5
Теле2,https://spb.tele2.ru,7743895280,,СЗФО,нет,Нет,Нет,https://spb.tele2.ru/about/career,https://spb.tele2.ru/about/cooperation#cooperation,Нет,https://spb.tele2.ru/about/company/values,https://spb.tele2.ru/about/business/compliance,https://s3.tele2.ru/ds-site/bcc_media/content/dokumenty/antikorrupcionnaya-politika-publichnaya-m3000034.pdf,Нет,,6
КОМФОРТЕЛ,https://comfortel.pro,5753043073,,СЗФО,нет,Нет,Нет,https://comfortel.pro/career,Нет,Нет,https://comfortel.pro/sankt-peterburg/about,Нет,Нет,Нет,,3
VK,https://vk.company/ru/,7743001840,*,RAEX,https://vk.company/ru/esg/,https://corp.vkcdn.ru/media/files/%D0%AD%D0%BA%D0%BE%D0%BB%D0%BE%D0%B3%D0%B8%D1%87%D0%B5%D1%81%D0%BA%D0%B0%D1%8F_%D0%BF%D0%BE%D0%BB%D0%B8%D1%82%D0%B8%D0%BA%D0%B0_VK.pdf,https://vk.company/ru/esg/csr/,Нет,Нет,Нет,Нет,Нет,Нет,Нет,,4
«Яндекс»,https://yandex.ru/company,7736207543,,RAEX,https://sustainability.yandex.ru/,https://sustainability.yandex.ru/environmental-impact/carbon-footprint,https://inclusion.yandex.ru/,https://sustainability.yandex.ru/investing-in-people/yandex-employees,https://yandex.ru/company/procurement,https://ir.yandex.ru/corporate-governance/board-of-directors,https://yandex.ru/company/main,https://yandex.ru/company/rules/code/,Нет,https://yandex.ru/company/prospectus,,9
Positive Technologies,https://www.ptsecurity.com/ru-ru/,7718668887,*,RAEX,нет,Нет,Нет,Нет,Нет,https://group.ptsecurity.com/ru/corporate-governance/,Нет,Нет,Нет,https://group.ptsecurity.com/ru/disclosure/,,2
ПСБ по СЗФО,https://www.psbank.ru,7744000912,,СЗФО,нет,Нет,https://www.psbank.ru/Bank/Quality,https://job.psbank.ru,Нет,https://www.psbank.ru/Bank/CorporateGovernance/Board,Нет,Нет,Нет,https://www.psbank.ru/Bank/Emitters,,4
ДОМ.РФ,https://дом.рф,7729355614,,СЗФО,https://xn--d1aqf.xn--p1ai/about/sustainable-development/domrf/,https://дом.рф/about/sustainable-development/ecology/,Нет,https://дом.рф/career/,https://дом.рф/about/purchasings/domrf/,Нет,Нет,Нет,Нет,https://дом.рф/investors/reports/emitent/,,5
ВТБ,https://www.vtb.ru,7702070139,*,СЗФО,https://www.vtb.ru/about/bank/sustainability/,Нет,Нет,https://vtbcareer.com,Нет,Нет,https://www.vtb.ru/about/mission/,Нет,Нет,https://www.vtb.ru/ir/disclosure/,,4
"""Открытие""",https://www.open.ru,7706092528,,СЗФО,https://www.open.ru/about/press/47025,Нет,Нет,http://talent.open.ru,https://www.open.ru/about/tenders,Нет,Нет,Нет,Нет,https://www.open.ru/openinfo,,4
СБЕРБАНК,https://www.sberbank.ru/,7707083893,*,СЗФО,https://www.sberbank.com/ru/sustainability,https://www.sberbank.com/ru/sustainability,https://www.sberbank.com/common/img/uploaded/redirected/sberbank.com/pdf/sustainability/uvazh_prav_cheloveka_i_fin_inklus_1.pdf,https://rabota.sber.ru,Нет,https://www.sberbank.com/ru/investor-relations/corporate-governance,https://www.sberbank.com/ru/about/mission,https://www.sberbank.com/ru/about/ethics,https://www.sberbank.com/ru/compliance/ukipk,https://www.sberbank.com/ru/investor-relations/disclosure,,9
"""Альфа-Банк""",https://alfabank.ru,7728168971,,СЗФО,https://alfabank.ru/about/sustainability/,https://alfabank.ru/about/sustainability/,Нет,Нет,https://alfabank.ru/tenders/,https://alfabank.ru/about/corporate_governance/structure/,Нет,https://alfabank.ru/about/codex/,Нет,https://alfabank.ru/about/information/,,6
Банк непрофильных активов «Траст»,https://www.trust.ru/,7831001567,,СЗФО,нет,Нет,Нет,Нет,Нет,Нет,Нет,Нет,Нет,https://www.trust.ru/about/disclosure_information/,,1
ИНГОССТРАХ в Спб,https://www.ingos.ru,7705042179,,СЗФО,нет,Нет,https://www.ingos.ru/company/sluzhba-doveriya,https://www.ingos.ru/career,Нет,Нет,Нет,Нет,Нет,https://www.ingos.ru/company/disclosure-info,,3
"""РЕСО-Гарантия""",https://reso.ru/,7710045520,,СЗФО,нет,Нет,https://reso.ru/export/sites/reso/about/bazovuy_standart.pdf,https://reso.ru/about/career/,https://reso.ru/about/tenders/,https://reso.ru/about/team-hidden/,Нет,Нет,Нет,https://reso.ru/shareholders/,,5
«МОСКОВСКИЙ КРЕДИТНЫЙ БАНК»,https://mkb.ru,7734202860,*,RAEX,https://ir.mkb.ru/sustainability,Нет, https://mkb.ru/about/contacts,Нет,Нет,https://mkb.ru/about/corporate-governance,нет,нет,нет,https://ir.mkb.ru/sustainability/disclosures/obligations,,4
Юникредит Банк,https://www.unicreditbank.ru/ru/personal.html#home,7710030411,,RAEX,https://www.unicreditbank.ru/ru/about/press_media/press-releases/26112019.html,Нет,Нет,Нет,Нет,нет,нет,нет,нет,https://www.unicreditbank.ru/ru/about/issuer-information/professional-participant-info.html,,2
«АК БАРС» БАНК,https://www.akbars.ru,1653001805,,RAEX,https://www.akbars.ru/about/free-info/sustainability/,https://www.akbars.ru/about/free-info/sustainability/environment/,https://www.akbars.ru/about/general/contacts/,https://www.akbars.ru/about/free-info/sustainability/responsibility/,Нет,нет,нет,нет,нет,https://www.akbars.ru/about/free-info/regular-target/,,5
ПАО КБ «‎Центр-Инвест»,https://www.centrinvest.ru,6163011391,,RAEX,https://www.centrinvest.ru/esg,Нет,https://www.centrinvest.ru/social-projects,Нет,Нет ,нет,нет,нет,нет,Нет,,3
Алмазэргиэнбанк,http://www.albank.ru/,1435138944,,RAEX,https://www.albank.ru/ru/invest/information/annual-report/,Нет,Нет,Нет,Нет,нет,нет,нет,нет,https://www.albank.ru/ru/invest/information/regulatory-information/,,2
Райффайзенбанк,https://www.raiffeisen.ru,7744000302,,RAEX,https://www.raiffeisen.ru/about/bank/,нет,нет,https://career.raiffeisen.ru,нет,нет,https://www.raiffeisen.ru/about/mission/,,https://www.raiffeisen.ru/about/anticorr/,https://www.raiffeisen.ru/about/investors/disclosure/,,5
Совкомбанк,https://sovcombank.ru,4401116480,,RAEX,https://sovcombank.ru/about/sustainability,нет,https://sovcombank.ru/about/pages/Klientam_i_pertneram,https://people.sovcombank.ru,нет,нет,нет,https://sovcombank.ru/about/sustainability,https://sovcombank.ru/about/sustainability,https://sovcombank.ru/about/pages/disclosure,,6
Росбанк,https://www.rosbank.ru,7730060164,,RAEX,нет,https://www.rosbank.ru/o-banke/ustoichivoe-razvitie/,https://www.rosbank.ru/o-banke/ustoichivoe-razvitie/,https://www.rosbank.ru/o-banke/otvetstvenniy-rabotodatel/,нет,нет,нет,нет,нет,https://www.rosbank.ru/o-banke/raskrytie-informacii/,,4
Газпромбанк,https://www.gazprombank.ru,7744001497,,RAEX,https://www.gazprombank.ru/sustainability,https://www.gazprombank.ru/sustainability/ecology/,Нет,https://www.gazprombank.ru/sustainability/social/,https://www.gazprombank.ru/tenders/,https://www.gazprombank.ru/about/disclosure/,нет,https://www.gazprombank.ru/about/disclosure/,https://www.gazprombank.ru/about/disclosure/,https://www.gazprombank.ru/about/disclosure/,,8
Россельхозбанк,https://www.rshb.ru,7725114488,,RAEX,sustainability-report-rshb.pdf,Нет,Нет,https://www.rshb.ru/about/job,Нет,нет,https://www.rshb.ru/about/mission,нет,https://www.rshb.ru/about/anticoruption,Нет,,4
Тинькофф Банк,https://www.tinkoff.ru,7710140679,*,RAEX,нет,Нет,Нет,Нет,Нет,нет,нет,нет,нет,Нет,,1
Банк «Санкт-Петербург»,https://www.bspb.ru,7831000027,*,RAEX,нет,Нет,https://www.bspb.ru/about/security,Нет,Нет,нет,нет,нет,https://www.bspb.ru/about/compliance,Нет,,3
ВБРР,https://www.vbrr.ru,7736153344,,RAEX,нет,Нет,Нет,https://www.vbrr.ru/about/pravila/,Нет,нет,нет,https://www.vbrr.ru/upload/docs/kodeks_02.pdf,нет,Нет,,3
АБ «Россия»,https://abr.ru,7831000122,,RAEX,нет,Нет,Нет,Нет,Нет,https://abr.ru/about/corp/,https://abr.ru/about/missiya/,нет,нет,https://abr.ru/about/raskrytie-informatsii/,,3
Новикомбанк,https://novikom.ru,7706196340,,RAEX,https://ar2021.novikom.ru/ru/sustainable-development/sustainability-management,Нет,Нет,Нет,https://novikom.ru/tenders/,https://novikom.ru/about/ustav-i-vnutrennie-dokumenty/,нет,нет,https://novikom.ru/anti-corruption/,https://novikom.ru/information-disclosure/,,5
Московская Биржа,https://www.moex.com,7702077840,*,RAEX,https://www.moex.com/s974,Нет,Нет,Нет,Нет,https://www.moex.com/a313,https://www.moex.com/s207,https://www.moex.com/s3351,https://www.moex.com/s3351,https://www.moex.com/s1451,,6
АФК «Система»,https://www.sistema.ru,7703104630,*,RAEX,https://www.sistema.ru/sustainable-development,Нет,Нет,Нет,https://www.sistema.ru/procurements,https://www.sistema.ru/sustainable-development,нет,https://www.sistema.ru/sustainable-development,https://www.sistema.ru/sustainable-development,https://www.sistema.ru/investors-and-shareholders/disclosure,,6
«Киви Банк»,http://www.qiwi.ru/business/qiwibank/,3123011520,,RAEX,сайта нет,сайта нет,сайта нет,сайта нет,сайта нет,сайта нет,сайта нет,сайта нет,сайта нет,сайта нет,,1
АФК «Система»,https://www.sistema.ru,7703104630,,RAEX,https://www.sistema.ru/sustainable-development,Нет,Нет,Нет,https://www.sistema.ru/procurements,https://www.sistema.ru/about/corpmanage,нет,https://www.sistema.ru/sustainable-development,https://www.sistema.ru/sustainable-development,https://www.sistema.ru/investors-and-shareholders/disclosure,,6
МАГНИТ,https://magnit.ru/,2310031475,*,СЗФО,https://www.magnit.com/ru/sustainable-development/our-approach/,https://www.magnit.com/ru/sustainable-development/environment/,https://magnit.ru/faq/,https://www.magnit.com/ru/sustainable-development/employees/,https://srm.magnit.ru/user/main,https://www.magnit.com/ru/corporate-governance/control-system/,https://www.magnit.com/ru/sustainable-development/communities/,https://www.magnit.com/upload/iblock/613/%D0%9A%D0%BE%D0%B4%D0%B5%D0%BA%D1%81%20%D0%B4%D0%B5%D0%BB%D0%BE%D0%B2%D0%BE%D0%B9%20%D1%8D%D1%82%D0%B8%D0%BA%D0%B8%20%D0%9F%D0%90%D0%9E%20%D0%9C%D0%B0%D0%B3%D0%BD%D0%B8%D1%82.pdf,https://www.magnit.com/ru/anti-corruption/,https://www.magnit.com/ru/disclosure/internal-regulations/,,10
ЛЕНТА,https://lenta.com/,7814148471,,СЗФО,https://corp.lenta.com/ru/sustainability/overview/,https://lenta.com/o-kompanii/sotsialnaya-otvetstvennost/,https://lenta.com/pokupatelyam/chasto-zadavaemye-voprosy-i-obratnaya-svyaz/,https://career.lenta.com/about,https://lenta.com/postavshchikam/,https://lenta.com/globalassets/docs/investors/charter_10-05-2012.pdf,https://lenta.com/o-kompanii/missiya-i-tsennosti/,https://lenta.com/globalassets/docs/partners/Kodeks-delovogo-povedeniya.pdf,https://lenta.com/globalassets/docs/partners/Politika-po-protivodeystviyu-korruptsii.pdf,https://lenta.com/o-kompanii/raskrytie-informatsii/,,10
"""ВкусВилл""",https://vkusvill.ru/,7734443270,,СЗФО,https://vkusvill.ru/about/,https://vkusvill.ru/support/ekologiya/,https://vkusvill.ru/support/,https://vkusvill.ru/job/,https://vkusvill.ru/proizvoditelyam/,https://vkusvill.ru/about/,"https://vkusvill.ru/about/#:~:text=750%20%D0%BD%D0%B0%D1%81%D0%B5%D0%BB%D1%91%D0%BD%D0%BD%D1%8B%D1%85%20%D0%BF%D1%83%D0%BD%D0%BA%D1%82%D0%BE%D0%B2.-,%D0%9C%D0%B8%D1%81%D1%81%D0%B8%D1%8F%0A%D0%B8%20%D1%86%D0%B5%D0%BD%D0%BD%D0%BE%D1%81%D1%82%D0%B8,-%D0%92%D0%BA%D0%BB%D1%8E%D1%87%D1%91%D0%BD%D0%BD%D1%8B%D0%B5%0A%D0%BE%D1%82%D0%BD%D0%BE%D1%88%D0%B5%D0%BD%D0%B8%D1%8F",https://vkusvill.ru/pravila/,Нет,Нет,,9
"Х5 (Вятерочка, Перекресток)",https://www.x5.ru/ru/,7733571872,*,СЗФО,https://esg.x5.ru/ru/,https://www.x5.ru/ru/investors/esg-reports/,https://www.x5.ru/ru/investors/esg-reports/,https://www.x5.ru/ru/investors/esg-reports/,https://www.x5.ru/ru/suppliers/submitting-commercial-offer/,https://www.x5.ru/ru/about/corporate-governance/,https://www.x5.ru/ru/investors/esg-reports/,https://esg.x5.ru/media/files/kodeks-etiki.pdf,https://esg.x5.ru/media/files/politika-protivodejstviya.pdf,https://esg.x5.ru/ru/documents/page/1/,,10
Fix Price,https://fix-price.com/,7721773313,,СЗФО,нет,https://fix-price.com/esg,https://fix-price.com/about/help?section=1&question=59,https://ar2022.fix-price.com/ru/sustainability/people/occupational-health-safety-employee-well-being,https://fix-price.com/partners,https://ir.fix-price.com/ru/overview/corporate_governance/,https://ir.fix-price.com/ru/overview/mission_and_values/,https://img.fix-price.com/_marketplace/documents/politika-v-oblasti-delovoy-etiki-kodeks-povedeniya.pdf,https://img.fix-price.com/_marketplace/documents/anti-corruption-policy.pdf,https://ar2022.fix-price.com/ru/corporate-governance/information-disclosure,,9
«Реалъ»,http://tdreal.spb.ru/,7805506339,,СЗФО,нет,Нет,http://tdreal.spb.ru/kontakty/ (форма обратной связи),Нет,Нет,Нет,Нет,Нет,Нет,Нет,,2
Greenbox,https://greenboxes.ru/,7842187842,,СЗФО,сайт не работает,сайт не работает,сайт не работает,сайт не работает,сайта не работает,сайт не работает,сайт не работает,сайт не работает,сайт не работает,сайт не работает,,1
Grow Food,https://growfood.pro/,9706007124,,СЗФО,нет,Нет,https://quality.growfood.pro/,Нет,"https://growfood.pro/#:~:text=%D0%9A%D0%90%D0%A7%D0%95%D0%A1%D0%A2%D0%92%D0%9E%20%D0%95%D0%94%D0%AB-,%D0%9F%D0%9E%D0%A1%D0%A2%D0%90%D0%92%D0%A9%D0%98%D0%9A%D0%90%D0%9C,-%D0%9B%D0%B8%D1%87%D0%BD%D1%8B%D0%B9%20%D0%BA%D0%B0%D0%B1%D0%B8%D0%BD%D0%B5%D1%82",Нет,Нет,Нет,Нет,Нет,,3
Азбука вкуса,https://av.ru/,7730157021,,СЗФО,https://av.ru/about/press/news/azbuka-vkusa-zapuskaet-programmu-ustoychivogo-razvitiya-//,https://av.ru/about/social/,Нет,https://av.ru/about/social/,https://av.ru/about/suppliers/,https://av.ru/about/social/,https://av.ru/about/mission/,Нет,https://av.ru/about/suppliers/suppliers-anti-corruption/,https://av.ru/about/suppliers/suppliers-electronic-document-management/,,8
ТК «Гарден Сити»,https://www.gardencity.ru/,7722207800,,СЗФО,нет,Нет,Нет,Нет,Нет,Нет,Нет,Нет,Нет,Нет,,1
ТРЦ “Галерея»,https://www.galeria.spb.ru/,4207054930,,СЗФО,нет,Нет,Нет,Нет,Нет,Нет,https://www.galeria.spb.ru/about/,Нет,Нет,Нет,,2
"Fortgroup, управляющей 10 моллами ТРЦ в Петербурге",https://fortgroup.ru/ru/,7804495155,,СЗФО,нет,Нет,Нет,Нет,Нет,Нет,Нет,Нет,Нет,Нет,,1
УЛЫБКА РАДУГИ,https://www.r-ulybka.ru/,7839058974,,СЗФО,нет,Нет,Нет,Нет,https://www.r-ulybka.ru/for-suppliers/,Нет,https://www.r-ulybka.ru/about/,Нет,Нет,Нет,,3
Реал (торговая сеть),http://tdreal.spb.ru/,5029198112,,СЗФО,нет,нет,http://tdreal.spb.ru/postavshhikam/,нет,нет,нет,нет,нет,нет,нет,,2
«О'КЕЙ»,https://www.okmarket.ru,7826087713,,RAEX,https://www.okmarket.ru/about/strategy/,нет,https://www.okmarket.ru/about/strategy/,нет,https://www.okmarket.ru/partners/tenders/,https://www.okeygroup.lu/about/corporate-governance/,https://www.okeygroup.lu/about/mission/,нет,https://www.okmarket.ru/partners/tenders/,https://www.okmarket.ru/about/information-disclosure/,,7
«Гиперглобус» (сеть гипермаркетов «Глобус»),https://www.globus.ru,7743543761,,RAEX,https://www.globus.ru/production/,нет,нет,нет,https://www.globus.ru/partners/suppliers/,Нет,нет,нет,нет,https://www.globus.ru/partners/information_disclosure/,,3
«Детский мир» (ПАО),https://www.detmir.ru,7729355029,,RAEX,https://corp.detmir.ru/our-approach-to-sustainability/,https://corp.detmir.ru/ekologiya-i-ohrana-okruzhayushhej-sredy/,нет,https://corp.detmir.ru/soczialnye-i-blagotvoritelnye-proe/,https://corp.detmir.ru/2023-2/,нет,https://corp.detmir.ru/Миссия-и-цель/,нет,нет,https://corp.detmir.ru/politiki-i-otchety/,,6
«Интернет Решения» (OZON.RU),https://corp.ozon.ru,7704217370,*,RAEX,https://corp.ozon.ru/social#policies,https://ir.ozon.com/ru/sustainability/environment/,https://ir.ozon.com/ru/sustainability/economic-community-empowerment/,https://ir.ozon.com/ru/sustainability/labor-diversity/,нет,https://ir.ozon.com/ru/corporate_governance/?abt_att=1,https://corp.ozon.ru/#rec535834715,нет,нет,https://ir.ozon.com/ru/disclosure_information/,,7
"«М.Видео-Эльдорадо», группа",https://www.mvideoeldorado.ru/ru/,7707548740,,RAEX,https://www.mvideoeldorado.ru/ru/sustainability/ustoichivoe-razvitie,https://www.mvideoeldorado.ru/ru/sustainability/strategija#oneplanet,https://www.mvideoeldorado.ru/ru/sustainability/strategija#goal,https://www.mvideoeldorado.ru/ru/sustainability/strategija#onecommunity,https://www.mvideo.ru/fordealers?_ga=2.204442451.254203539.1594201174-1529998511.1516894669&_gac=1.183449812.1594293634.Cj0KEQjwyum6BRDQ-9jU4PSVxf8BEiQAu1AHqhtatB6ORpB-m4mP4BaUppqQLPX09JO1BEAXcC4TW2IaAt6M8P8HAQ,https://www.mvideoeldorado.ru/ru/corporate-governance/corporate-governance-structure,https://www.mvideoeldorado.ru/ru/about-us/mission-and-values,https://www.mvideoeldorado.ru/ru/corporate-governance/compliance-and-internal-policies,https://www.mvideoeldorado.ru/ru/corporate-governance/compliance-and-internal-policies,https://www.mvideoeldorado.ru/ru/shareholders-and-investors/objazatelnoe-raskrytie-informacii/vnutrennie-dokumenty,,10
Cosmos Hotel Group,https://cosmosgroup.ru/ru,7717016198,,СЗФО,нет,Нет,Нет,https://corporate.cosmosgroup.ru/ru/career,https://cosmosgroup.ru/ru/purchases/current?roistat_visit=218470,https://corporate.cosmosgroup.ru/ru/team,https://corporate.cosmosgroup.ru/ru/company?roistat_visit=2184701,https://corporate.cosmosgroup.ru/files/footer_docks/4_RU_1709728711.pdf,https://corporate.cosmosgroup.ru/files/footer_docks/6_RU_1709728736.pdf,Нет,,7
Belmond Grand Hotel Europe,https://grandhoteleurope.com/?utm_source=yandex&utm_medium=cpc&utm_campaign=[S]_BRAND_SPB&utm_content=14997128617|text1&utm_term=belmond%20grand%20hotel%20europe&yclid=7243205396202520575,7841304521,,СЗФО,нет,Нет,Нет,https://grandhoteleurope.com/career/,Нет,Нет,Нет,Нет,Нет,Нет,,2
Airportcity Plaza (бывший Crowne Plaza Airport),https://airportcityplaza.ru/?ysclid=lw92e3iexh57528448,4715015725,,СЗФО,нет,Нет,Нет,Нет,Нет,Нет,Нет,Нет,Нет,Нет,,1
Corinthia St. Petersburg,https://www.corinthia.com/,9909004136,,СЗФО,нет,Нет,Нет,https://www.corinthia.com/en-gb/careers/,Нет,Нет,https://www.corinthia.com/en-gb/careers/purpose-and-values/,Нет,Нет,Нет,,3
Novotel St. Petersburg,https://novotelspb.ru/?ysclid=lw92h6gpgc343559263,9723084834,,СЗФО,нет,Нет,Нет,Нет,Нет,Нет,Нет,Нет,Нет,Нет,,1
Crowne Plaza Ligovsky Hotel,https://crownhotelspb.ru/,7840443748,,СЗФО,нет,Нет,Нет,Нет,Нет,Нет,Нет,Нет,Нет,Нет,,1
ИГОРА,https://igora.ru,7807191652,,СЗФО,нет,Нет,Нет,https://igora.ru/vacancies/,Нет,Нет,Нет,Нет,Нет,Нет,,2
«Игора Драйв»,https://drive-igora.ru,7801321150,,СЗФО,нет,Нет,Нет,https://drive-igora.ru/vacancies/,Нет,Нет,Нет,Нет,Нет,Нет,,2
Теремок,https://teremok.ru,7825483150,,СЗФО,нет,Нет,Нет,https://rabota.teremok.ru,https://teremok.ru/contacts/?topic=product#form,Нет,Нет,Нет,Нет,Нет,,3
Rostics,https://rostics.ru,5105013817,,СЗФО,нет,Нет,https://rostics.ru/legal/policy-site,https://rabotavrostics.ru,Нет,Нет,Нет,Нет,Нет,Нет,,3
"Managment Company, управляющей брендами «Пхали Хинкали» и «Хачо и Пури» (26 ресторанов)",https://mks-mc.com,672608341827,,СЗФО,нет,Нет,Нет,https://mks-mc.com/hr,Нет,https://mks-mc.com/management/,https://mks-mc.com/#values,Нет,Нет,Нет,,4
Вкусно и точка,https://vkusnoitochka.ru,7710044140,,СЗФО,нет,Нет,Нет,https://rabotaitochka.ru,Нет,https://vkusnoitochka.ru/company/management,https://vkusnoitochka.ru/company/values,Нет,Нет,Нет,,4
VЛАVАШЕ,https://vlavashe.ru,780243065401,,СЗФО,нет,Нет,Нет,Нет,Нет,Нет,Нет,Нет,Нет,Нет,,1
Fly Drone,https://flydrone.ru/,9706011931,,СЗФО,нет,Нет,https://flydrone.ru/stopped-police/,Нет,https://flydrone.ru/register-company/,Нет,Нет,Нет,Нет,Нет,,3
ООО «Аэродин»,https://aerodyne.tech,7810676544,,СЗФО,нет,Нет,Нет,Нет,https://aerodyne.tech/products,Нет,Нет,Нет,Нет,Нет,,2
НПП “Радар ммс”,https://radar-mms.com,7814027653,,СЗФО,нет,Нет,"https://radar-mms.com/product/   (если перейти на страницу продукта, будет форма для обратной связи и вопросов)",https://radar-mms.com/company/social-politics/.   https://radar-mms.com/obrazovatelnaya-deyatelnost/svedeniya-ob-obrazovatelnoy-organizatsii/uchebnaya-baza/,Нет,Нет,Нет,Нет,Нет,Нет,,3
ГЕОСКАН,https://www.geoscan.ru,7801450808,,СЗФО,нет,https://geoscan.freshdesk.com/support/solutions (вопрос-ответ),Нет,https://www.geoscan.ru/ru/blog/tag/geoskan-obucenie,Нет,Нет,Нет,Нет,Нет,Нет,,3
КЛЮЧАВТО,https://keyauto.ru/,2310095366,,СЗФО,нет,Нет,https://keyauto.ru/services/buyers/support-service/,"Вакансии в Москве автосалонах КЛЮЧАВТО, работа в дилерском центре",https://keyauto.ru/purchases/,Нет,Нет,Нет,Нет,Нет,,3
ГК АВТОДОМ,https://avtodom.ru/,7714709349,,СЗФО,нет,Нет,Нет,https://avtodom.ru/about/career/,Нет,https://avtodom.ru/about/advisers/,Нет,Нет,Нет,Нет,,3
АВТОТОР (Калининград),https://www.avtotor.ru/,3905011678,,СЗФО,нет,https://www.avtotor.ru/kompaniya/okhrana-okruzhayushchej-sredy,Нет,https://www.avtotor.ru/kompaniya/okhrana-truda,https://www.avtotor.ru/tendery-avtotor,Нет,https://www.avtotor.ru/kompaniya/missiya-kompanii,Нет,Нет,Нет,,5
ООО «ЛАДА Санкт-Петербург» (ранее завод ООО «Ниссан Мэнуфэкчуринг РУС»),none,7813302762,,СЗФО,сайта нет,сайта нет,сайта нет,сайта нет,сайта нет,сайта нет,сайта нет,сайта нет,сайта нет,сайта нет,,0
«Автомобильный завод АГР» (бывший автозавод Hyundai),https://agr.auto/,7801463902,,СЗФО,нет,Нет,Нет,https://agr.auto/workconditions,Нет,Нет,Нет,Нет,Нет,Нет,,2
Ikon Tyres,https://www.ikontyres.ru,4703073810,,СЗФО,нет,https://www.ikontyres.ru/assets/files/ecology-policy-08062023.pdf,Нет,https://www.ikontyres.ru/assets/files/ОТ_14122023.pdf,Нет,Нет,Нет,Нет ,Нет,Нет,,3
Whoosh,https://whoosh-bike.ru,9717068640,,СЗФО,нет,Нет,https://whoosh-bike.ru/school,Нет,https://whoosh-bike.ru/localization,Нет,Нет,Нет,Нет,https://whoosh-bike.ru/ir/disclose-information,,3
Юрент,https://urent.ru/,2626047344,,СЗФО,нет,Нет,https://urent.ru/docs/privacy.pdf,Нет,Нет,Нет,Нет,Нет,Нет,Нет,,2
Ситидрайв,https://citydrive.ru/,7751193849,,СЗФО,нет,Нет,Нет,https://citydrive.ru/vacancies/,Нет,Нет,Нет,Нет,Нет,Нет,,2
BelkaCar,https://belkacar.ru/,7704871840,,СЗФО,нет,Нет,https://info.belkacar.ru/ru/,Нет,Нет,Нет,Нет,Нет,Нет,Нет,,2
Делимобиль,https://delimobil.ru,9705034527,,СЗФО,нет,Нет,https://delimobil.ru/terms/privacy-policy,https://career.delimobil.ru/#/,Нет,Нет,Нет,Нет,Нет,Нет,,3
ООО «Шарм»,нет,7801047853,,СЗФО,сайта нет,сайта нет,сайта нет,сайта нет,сайта нет,сайта нет,сайта нет,сайта нет,сайта нет,сайта нет,,0
«Геруси Фэшн»,нет,7805528702,,СЗФО,сайта нет,сайта нет,сайта нет,сайта нет,сайта нет,сайта нет,сайта нет,сайта нет,сайта нет,сайта нет,,0
Промпарк Марьино,http://www.maryino-spb.ru/,7807267735,,СЗФО,нет,Нет,http://www.maryino-spb.ru/upload/iblock/34b/34b62e1d0b03384b9d459f3f9b8b8f3a.pdf,Нет,http://www.maryino-spb.ru/news/ooo-kapital-energo-upravlyayushchaya-kompaniya-industrialnogo-parka-marino/,Нет,Нет,Нет,Нет,Нет,,3
Промпарк М10,https://xn--10-8kc4bgui.xn--p1ai/,7810923296,,СЗФО,нет,Нет,"https://xn--10-8kc4bgui.xn--p1ai/  -это сайт-одностраничник, пишут о мерах гос поддержки",Нет,Нет,Нет,Нет,Нет,Нет,Нет,,2
ОЭЗ Санкт-Петербург,https://www.spbsez.ru/,7751193849,,СЗФО,нет,https://www.spbsez.ru/upload/kelnik.refbook/b8e/vhlnmkpexjgpruflwspav7a3u2nj5jl3/ESG_%D0%B4%D0%B0%D0%BD%D0%BD%D1%8B%D0%B5_%D0%A3%D0%9A_%D0%9E%D0%AD%D0%97_%D0%A2%D0%92%D0%A2_%D0%A1%D0%B0%D0%BD%D0%BA%D1%82_%D0%9F%D0%B5%D1%82%D0%B5%D1%80%D0%B1%D1%83%D1%80%D0%B3_2022_%D0%B3%D0%BE%D0%B4.pdf,https://www.spbsez.ru/about/questions/,https://www.spbsez.ru/upload/kelnik.refbook/b8e/vhlnmkpexjgpruflwspav7a3u2nj5jl3/ESG_%D0%B4%D0%B0%D0%BD%D0%BD%D1%8B%D0%B5_%D0%A3%D0%9A_%D0%9E%D0%AD%D0%97_%D0%A2%D0%92%D0%A2_%D0%A1%D0%B0%D0%BD%D0%BA%D1%82_%D0%9F%D0%B5%D1%82%D0%B5%D1%80%D0%B1%D1%83%D1%80%D0%B3_2022_%D0%B3%D0%BE%D0%B4.pdf,Нет,https://www.spbsez.ru/upload/kelnik.refbook/b8e/vhlnmkpexjgpruflwspav7a3u2nj5jl3/ESG_%D0%B4%D0%B0%D0%BD%D0%BD%D1%8B%D0%B5_%D0%A3%D0%9A_%D0%9E%D0%AD%D0%97_%D0%A2%D0%92%D0%A2_%D0%A1%D0%B0%D0%BD%D0%BA%D1%82_%D0%9F%D0%B5%D1%82%D0%B5%D1%80%D0%B1%D1%83%D1%80%D0%B3_2022_%D0%B3%D0%BE%D0%B4.pdf,https://www.spbsez.ru/about/management-company/#mission,Нет,https://www.spbsez.ru/upload/kelnik.refbook/b8e/vhlnmkpexjgpruflwspav7a3u2nj5jl3/ESG_%D0%B4%D0%B0%D0%BD%D0%BD%D1%8B%D0%B5_%D0%A3%D0%9A_%D0%9E%D0%AD%D0%97_%D0%A2%D0%92%D0%A2_%D0%A1%D0%B0%D0%BD%D0%BA%D1%82_%D0%9F%D0%B5%D1%82%D0%B5%D1%80%D0%B1%D1%83%D1%80%D0%B3_2022_%D0%B3%D0%BE%D0%B4.pdf,https://www.spbsez.ru/about/info/docs/,,7
Агрохолдинг «СТЕПЬ»,https://www.ahstep.ru,7708813052,,RAEX,https://www.ahstep.ru/esg,https://www.ahstep.ru/ekologiya,Нет,https://www.ahstep.ru/socialnye-oprosy,https://www.ahstep.ru/tender,https://www.ahstep.ru/upravlenie,нет,https://www.ahstep.ru/upravlenie,https://www.ahstep.ru/upravlenie,Нет,,8
«Инарктика»,https://inarctica.com,7816430057,,RAEX,https://inarctica.com/company/mission-and-values/,Нет,Нет,Нет,https://inarctica.com/suppliers/tenders/,https://inarctica.com/investors/directors/,https://inarctica.com/company/mission-and-values/,нет,нет,https://inarctica.com/investors/information-disclosure/,,5
"«Русагро», группа компаний",https://www.rusagrogroup.ru/ru/,7728278043,*,RAEX,нет,Нет,Нет,https://rabota.rusagrogroup.ru,https://www.rusagrogroup.ru/ru/tendery/,https://www.rusagrogroup.ru/ru/o-kompanii/rukovodstvo/sovet-direktorov/,https://www.rusagrogroup.ru/ru/o-kompanii/cennosti/,https://www.rusagrogroup.ru/ru/investoram/korporativnye-dokumenty/#jfmulticontent_c73-2,нет,Нет,,6
«Группа Черкизово»,https://cherkizovo-group.com/,7718560636,,RAEX,https://cherkizovo-group.com/sustainable-development/,Нет,Нет,https://cherkizovo-group.com/career/,Нет,нет,https://cherkizovo-group.com/about/,нет,нет,https://cherkizovo-group.com/investors/,,4
«Эфирное»,https://www.efko.ru,3122000300,,RAEX,нет,Нет,Нет,https://www.efko.ru/career/,Нет,нет,https://www.efko.ru/about/#mission,нет,нет,Нет,,3
«Торговая компания «Мираторг»,http://www.miratorg.ru/,5009072150,,RAEX,https://miratorg.ru/about/sustainable_development/,Нет,Нет,https://miratorg.ru/career/vacancies/,Нет,https://miratorg.ru/about/directors/,нет,нет,нет,https://e-disclosure.ru/portal/company.aspx?id=10610,,4
РОСВОДОКАНАЛ,http://www.rosvodokanal.ru/,5027116065,,RAEX,https://www.rosvodokanal.ru/ustoychivoe-razvitie/ekologiya/,https://www.rosvodokanal.ru/ustoychivoe-razvitie/ekologiya/,https://www.rosvodokanal.ru/ustoychivoe-razvitie/biznes-i-obshchestvo/federalnyy-proekt-chistaya-voda/,https://www.rosvodokanal.ru/ustoychivoe-razvitie/okhrana-truda-i-prombezopasnost/shagi-bezopasnosti/,https://www.rosvodokanal.ru/about/zakupki/,https://www.rosvodokanal.ru/about/rukovodstvo/,https://www.rosvodokanal.ru/about/missiya/,нет,нет,https://www.rosvodokanal.ru/ustoychivoe-razvitie/raskrytie-informatsii/otchet-ob-ustoychivom-razvitii/,,8
«Мосводоканал»,http://www.mosvodokanal.ru/,7701984274,,RAEX,https://www.mosvodokanal.ru/about/evolution/ecology.php,https://www.mosvodokanal.ru/about/evolution/ecology.php,https://www.mosvodokanal.ru/forpeople/waterquality.php,нет,https://www.mosvodokanal.ru/sales/,https://www.mosvodokanal.ru/about/leadership/,нет,нет,https://www.mosvodokanal.ru/about/anti-corruption/,https://www.mosvodokanal.ru/about/disclosure/,,7
Водоканал СПб,https://www.vodokanal.spb.ru/,7830000426,,СЗФО,нет,https://www.vodokanal.spb.ru/o_kompanii/ohrana_okruzhayuwej_sredy/,нет,https://www.vodokanal.spb.ru/o_kompanii/ohrana_truda/,https://www.vodokanal.spb.ru/zakupki/,https://www.vodokanal.spb.ru/o_kompanii/rukovodstvo/,https://www.vodokanal.spb.ru/o_kompanii/missiya_i_cennosti/,нет,https://www.vodokanal.spb.ru/o_kompanii/protivodejstvie_korrupcii/,нет,,7